page,release_date,title,release_document_id
1,14 August 2026,Gross Domestic Product Second Quarter 2026,20706
1,14 August 2026,INTERNATIONAL INVESTMENT POSITION Q226,20701
1,14 August 2026,"Quarterly Balance of Payments, Second Quarter 2026",20717
1,13 August 2026,Construction Statistics Second Quarter 2026,20687
1,13 August 2026,"Employment Statistics, Q2 2026",20688
1,13 August 2026,MONTHLY RUBBER STATISTICS,20650
1,12 August 2026,PUBLICATION QSS Q2 2026,20618
1,12 August 2026,"PUBLICATION - VOLUME INDEX OF WHOLESALE & RETAIL TRADE, SECOND QUARTER 2026",20623
1,12 August 2026,QUARTERLY VOLUME INDEX OF SERVICES Q2 2026,20609
1,12 August 2026,"Publication Performance of Wholesale & Retail Trade, June 2026",20596
2,11 August 2026,"Labour Force Survey Report, Second Quarter 2026",20538
2,11 August 2026,"LABOUR FORCE STATISTICS, JUNE 2026",20586
2,11 August 2026,"Index of Industrial Production, Malaysia",20570
2,11 August 2026,"MONTHLY MANUFACTURING STATISTICS, JUNE 2026",20549
2,10 August 2026,Special Release 3 - For Mechanical and Electrical Works Malaysia,20521
2,10 August 2026,Special Release 2 - For Building and Structural Works,20514
2,10 August 2026,Special Release 1 - For Civil Engineering Works Peninsular Malaysia,20529
2,10 August 2026,Special Release 1 - For Civil Engineering Works Sabah and Sarawak,20533
2,10 August 2026,Special Release 2 - For Building and Structural Works Sabah and Sarawak,20525
2,6 August 2026,PUBLICATION SPPI Q2 2026,20500
3,5 August 2026,LSE Pahang,20471
3,5 August 2026,LSE Negeri Sembilan,20470
3,5 August 2026,LSE Perak,20473
3,5 August 2026,LSE WP Labuan,20480
3,5 August 2026,LSE Pulau Pinang,20472
3,5 August 2026,LSE Kedah 2025,20387
3,5 August 2026,LSE WPKL,20479
3,5 August 2026,LSE Johor 2025,20386
3,5 August 2026,LSE Melaka,20469
3,5 August 2026,LSE Sabah,20477
4,5 August 2026,LSE WP Labuan,20480
4,5 August 2026,LSE WPKL,20479
4,5 August 2026,LSE Sarawak,20478
4,5 August 2026,LSE Sabah,20477
4,5 August 2026,LSE Perlis,20474
4,5 August 2026,LSE Terengganu,20476
4,31 July 2026,"Current Population Estimates, Malaysia, 2026",20425
4,30 July 2026,"External Trade Statistics, Sarawak",20424
4,30 July 2026,"External Trade Statistics, Sabah",20428
4,30 July 2026,"Final External Trade Statistics, 2025 - Publication",20352
5,30 July 2026,"External Trade Statistics, Sabah",20428
5,29 July 2026,"Employee Wages Statistics (Formal Sector), First Quarter 2026",20383
5,29 July 2026,Gross Domestic Product Income Approach 2025,20363
5,28 July 2026,"Malaysia External Trade Indices, June 2026",20315
5,28 July 2026,GFCF 2025,20329
5,28 July 2026,"Producer Price Index - Local Production, June 2026",20347
5,27 July 2026,"Monthly Statistical Bulletin Malaysia, May 2026",20301
5,24 July 2026,"MALAYSIAN ECONOMIC INDICATORS LEADING, COINCIDENT & LAGGING INDEXES MAY 2026",20287
5,20 July 2026,"Malaysia External Trade Statistics, June 2026",20270
5,20 July 2026,"Malaysia External Trade Statistics, June 2026",20344
6,17 July 2026,Publication Advance Gross Domestic Product (GDP) Estimates Second Quarter 2026,20263
6,17 July 2026,"Consumer Price Index Malaysia, June 2026",20261
6,14 July 2026,PUBLICATION PPI ANNUAL 2025,20228
6,13 July 2026,MONTHLY RUBBER STATISTICS,20214
6,10 July 2026,"LABOUR FORCE STATISTICS, MAY 2026",20199
6,10 July 2026,"Publication Performance of Wholesale & Retail Trade, May 2026",20181
6,9 July 2026,Special Release 2 - For Building and Structural Works Sabah and Sarawak,20135
6,9 July 2026,Special Release 2 - For Building and Structural Works,20131
6,9 July 2026,Special Release 3 - For Mechanical and Electrical Works Malaysia,20139
6,9 July 2026,Special Release 1 - For Civil Engineering Works Sabah and Sarawak,20127
7,9 July 2026,"MONTHLY MANUFACTURING STATISTICS, MAY 2026",20157
7,9 July 2026,"Index of Industrial Production, Malaysia",20175
7,9 July 2026,Special Release 1 - For Civil Engineering Works Peninsular Malaysia,20123
7,7 July 2026,Atlas Banci 2020 Malaysia,20098
7,7 July 2026,Atlas Banci 2020 Malaysia,20100
7,7 July 2026,Atlas Banci 2020 Malaysia,20099
7,7 July 2026,Atlas Banci 2020 Malaysia,20096
7,7 July 2026,Bulletin of Holiday Homes Statistics: Economic Census 2026,20089
7,7 July 2026,Atlas Banci 2020 Malaysia,20102
7,7 July 2026,Atlas Banci 2020 Malaysia,20097
8,7 July 2026,Atlas Banci 2020 Malaysia,20102
8,7 July 2026,Atlas Banci 2020 Malaysia,20103
8,7 July 2026,Atlas Banci 2020 Malaysia,20104
8,7 July 2026,Atlas Banci 2020 Malaysia,20105
8,7 July 2026,Atlas Banci 2020 Malaysia,20106
8,7 July 2026,Atlas Banci 2020 Malaysia,20107
8,7 July 2026,Atlas Banci 2020 Malaysia,20108
8,7 July 2026,"Laporan Awalan Indeks Harga Kesihatan (IHK) Malaysia, 2025",20081
8,6 July 2026,"MYAGRISTATS 2024 DAERAH PENTADBIRAN KLUANG, JOHOR",20049
8,6 July 2026,Preliminary Report of The Malaysia Food Security Index,20036
9,6 July 2026,"MYAGRISTATS 2024 DAERAH PENTADBIRAN KLUANG, JOHOR",20049
9,6 July 2026,Preliminary Report of The Malaysia Food Security Index,20036
9,2 July 2026,Special  Release: Time Spent on Unpaid Domestic and Care Work in Malaysia 2025,19995
9,2 July 2026,Special Release: Household Food Waste in Malaysia 2025,19986
9,1 July 2026,GDP by State 2025,19979
9,30 June 2026,Usage of ICT and E-Commerce by Establishment 2025,19958
9,30 June 2026,Sport Satellite Account 2024,19929
9,29 June 2026,"Monthly Statistical Bulletin Malaysia, April 2026",19928
9,29 June 2026,"Producer Price Index - Local Production, May 2026",19933
9,26 June 2026,"Malaysia External Trade Indices, May 2026",19901
10,26 June 2026,LABOUR FORCE SURVEY 2025,19925
10,25 June 2026,Statistics of International Trade in Services 2025,19873
10,25 June 2026,"MALAYSIAN ECONOMIC INDICATORS LEADING, COINCIDENT & LAGGING INDEXES APRIL 2026",19877
10,24 June 2026,Publication FDI 2025,20150
10,24 June 2026,Penerbitan DIA 2025,19845
10,24 June 2026,BULLETIN OF DOMESTIC TOURISM SURVEY 2026,19838
10,19 June 2026,"Malaysia External Trade Statistics, May 2026 - Publication",19910
10,19 June 2026,"Consumer Price Index Malaysia, May 2026",19808
10,19 June 2026,"Malaysia External Trade Statistics, May 2026",19789
10,16 June 2026,DOMESTIC TOURISM SURVEY 2025,19783
11,12 June 2026,"Publication Performance of Wholesale & Retail Trade, April 2026",19740
11,12 June 2026,"Index of Industrial Production, Malaysia",19754
11,12 June 2026,"MONTHLY MANUFACTURING STATISTICS, APRIL 2026",19751
11,11 June 2026,"LABOUR FORCE STATISTICS, APRIL 2026",19732
11,11 June 2026,MONTHLY RUBBER STATISTICS,19713
11,10 June 2026,Special Release 1 - For Civil Engineering Works Peninsular Malaysia,19679
11,10 June 2026,Special Release 1 - For Civil Engineering Works Sabah and Sarawak,19683
11,10 June 2026,Special Release 2 - For Building and Structural Works,19687
11,10 June 2026,Special Release 2 - For Building and Structural Works Sabah and Sarawak,19691
11,10 June 2026,Special Release 3 - For Mechanical and Electrical Works Malaysia,19695
12,5 June 2026,"Publication Mining of Petroleum and Natural Gas Statistics, Q1 2026",19675
12,29 May 2026,"Monthly Statistical Bulletin Malaysia, March 2026",19634
12,26 May 2026,"Business Tendency Statistics, Second Quarter 2026",19651
12,26 May 2026,"Malaysia External Trade Indices, April 2026",19642
12,25 May 2026,"PRODUCER PRICE INDEX - LOCAL PRODUCTION, APRIL 2026",19599
12,25 May 2026,"MALAYSIAN ECONOMIC INDICATORS LEADING, COINCIDENT & LAGGING INDEXES MARCH 2026",19596
12,22 May 2026,"Labour Market Review (LMR), First Quarter 2026",19583
12,21 May 2026,"Socioeconomic Indicators by State, First Quarter 2026 - Wilayah Persekutuan",19514
12,21 May 2026,Labour Productivity First Quarter 2026,19572
12,21 May 2026,"Socioeconomic Indicators by State, First Quarter 2026 - Perlis",19508
13,21 May 2026,"Socioeconomic Indicators by State, First Quarter 2026 - Pulau Pinang",19509
13,21 May 2026,"Socioeconomic Indicators by State, First Quarter 2026 - Sabah",19510
13,21 May 2026,"Socioeconomic Indicators by State, First Quarter 2026 - Sarawak",19511
13,21 May 2026,"Socioeconomic Indicators by State, First Quarter 2026 - Selangor",19512
13,21 May 2026,"Socioeconomic Indicators by State, First Quarter 2026 - Terengganu",19513
13,21 May 2026,"Socioeconomic Indicators by State, First Quarter 2026 - Wilayah Persekutuan",19514
13,21 May 2026,Labour Productivity First Quarter 2026,19572
13,21 May 2026,"Socioeconomic Indicators by State, First Quarter 2026 - Negeri Sembilan",19505
13,21 May 2026,"Socioeconomic Indicators by State, First Quarter 2026 - Johor",19501
13,21 May 2026,"Socioeconomic Indicators by State, First Quarter 2026 - Kedah",19502
14,21 May 2026,"Socioeconomic Indicators by State, First Quarter 2026 - Kedah",19502
14,21 May 2026,"Socioeconomic Indicators by State, First Quarter 2026 - Johor",19501
14,20 May 2026,Manufacturing Industry Capacity Utilisation Statistics,19499
14,20 May 2026,"Malaysia External Trade Statistics, April 2026",19490
14,20 May 2026,"Malaysia External Trade Statistics, April 2026 - Publication",19645
14,19 May 2026,"Consumer Price Index Malaysia, April 2026",19466
14,15 May 2026,Publication Gross Domestic Product First Quarter 2026,19435
14,15 May 2026,INTERNATIONAL INVESTMENT POSITION,19425
14,15 May 2026,GROSS DOMESTIC PRODUCT 2025,19437
14,15 May 2026,"Quarterly Balance of Payments, First Quarter 2026",19426
15,14 May 2026,"Employment Statistics, First Quarter 2026",19402
15,13 May 2026,MONTHLY RUBBER STATISTICS,19379
15,13 May 2026,Construction Statistics First Quarter 2026,19383
15,12 May 2026,"TIME SERIES STATISTICS ON CAUSES OF DEATH, MALAYSIA, 2010-2019",19334
15,12 May 2026,"Labour Force Survey Report, First Quarter 2026",19347
15,12 May 2026,Special Release 1 - For Civil Engineering Works Peninsular Malaysia,19287
15,12 May 2026,Special Release 1 - For Civil Engineering Works Sabah and Sarawak,19291
15,12 May 2026,Special Release 2 - For Building and Structural Works Sabah and Sarawak,19295
15,12 May 2026,"LABOUR FORCE STATISTICS, MARCH 2026",19345
15,12 May 2026,Special Release 3 - For Mechanical and Electrical Works Malaysia,19299
16,12 May 2026,"LABOUR FORCE STATISTICS, MARCH 2026",19345
16,12 May 2026,"Labour Force Survey Report, First Quarter 2026",19347
16,11 May 2026,"Publication - Volume Index of Wholesale & Retail Trade, First Quarter 2026",19243
16,11 May 2026,"Publication Performance of Wholesale & Retail Trade, March 2026",19259
16,11 May 2026,QUARTERLY VOLUME INDEX OF SERVICES Q1 2026,19273
16,11 May 2026,PUBLICATION QSS Q1 2026,19281
16,8 May 2026,"MONTHLY MANUFACTURING STATISTICS, MARCH 2026",19210
16,8 May 2026,"Index of Industrial Production, Malaysia",19228
16,7 May 2026,PUBLICATION Q1 2026,19193
16,30 April 2026,"Monthly Statistical Bulletin Malaysia, February 2026",19177
17,30 April 2026,"Malaysian Economic Statistics Review (MESR), Volume 4/2026",19187
17,29 April 2026,"Employee Wages Statistics (Formal Sector), Fourth Quarter 2025",19169
17,29 April 2026,"Publication National Transfer Accounts, Malaysia, 2022",19164
17,29 April 2026,ANALYSIS OF ANNUAL CONSUMER PRICE INDEX 2025,19162
17,28 April 2026,"Malaysia External Trade Indices, March 2026",19123
17,27 April 2026,"Producer Price Index - Local Production, March 2026",19113
17,24 April 2026,"MALAYSIAN ECONOMIC INDICATORS LEADING, COINCIDENT & LAGGING INDEXES FEBRUARY 2026",19086
17,23 April 2026,Publication ICT Usage and Access Survey by Individuals and Households (ICTHS) 2025,19082
17,23 April 2026,SPECIAL REPORT: LIVING QUARTERS MALAYSIA,19072
17,20 April 2026,"Malaysia External Trade Statistics, March 2026",19010
18,20 April 2026,"Malaysia External Trade Statistics, March 2026 - Publication",19134
18,17 April 2026,Publication Advance Gross Domestic Product (GDP) Estimates First Quarter 2026,18996
18,17 April 2026,"Consumer Price Index Malaysia, March 2026",18997
18,16 April 2026,Agriculture Census 2024 Report Federal Territory,18936
18,16 April 2026,Agriculture Census 2024 Report Sarawak (Jilid 1),18939
18,16 April 2026,Agriculture Census 2024 Report Kelantan,18892
18,16 April 2026,Agriculture Census 2024 Report Pahang,18904
18,16 April 2026,Agriculture Census 2024 Report Negeri Sembilan,18900
18,16 April 2026,Agriculture Census 2024 Report Melaka,18896
18,16 April 2026,Agriculture Census 2024 Report Sabah,18928
19,16 April 2026,Agriculture Census 2024 Report Negeri Sembilan,18900
19,16 April 2026,Agriculture Census 2024 Report Pahang,18904
19,16 April 2026,Agriculture Census 2024 Report Perak,18911
19,16 April 2026,Agriculture Census 2024 Report Sarawak (Jilid 2),18932
19,16 April 2026,Agriculture Census 2024 Report Terengganu,18924
19,16 April 2026,Agriculture Census 2024 Report Perlis,18916
19,16 April 2026,Agriculture Census 2024 Report Pulau Pinang,18908
19,16 April 2026,Agriculture Census 2024 Report Selangor,18920
19,15 April 2026,"SPECIAL REPORT ON IMPACT OF FLOODS IN MALAYSIA, 2025",18881
19,13 April 2026,MONTHLY RUBBER STATISTICS,18872
20,10 April 2026,"LABOUR FORCE STATISTICS, FEBRUARY 2026",18856
20,10 April 2026,"Publication Performance of Wholesale & Retail Trade, February 2026",18845
20,9 April 2026,Special Release 1 - For Civil Engineering Works Peninsular Malaysia,18795
20,9 April 2026,Special Release 3 - For Mechanical and Electrical Works Malaysia,18782
20,9 April 2026,Special Release 2 - For Building and Structural Works Sabah and Sarawak,18787
20,9 April 2026,Special Release 1 - For Civil Engineering Works Sabah and Sarawak,18791
20,9 April 2026,"Monthly Manufacturing Statistics, February 2026",18823
20,9 April 2026,"Index of Industrial Production, Malaysia",18835
20,9 April 2026,Special Release 2 - For Building and Structural Works,18799
20,31 March 2026,"Malaysian Economic Statistics Review (MESR), Volume 3/2026",18744
21,30 March 2026,"Monthly Statistical Bulletin Malaysia, January 2026",18437
21,27 March 2026,"Malaysia External Trade Indices, February 2026",18102
21,27 March 2026,"Producer Price Index – Local Production, February 2026",18071
21,19 March 2026,"Malaysia External Trade Statistics, February 2026 - Publication",18133
21,19 March 2026,"Malaysia External Trade Statistics, February 2026",17918
21,19 March 2026,"MALAYSIAN ECONOMIC INDICATORS LEADING, COINCIDENT & LAGGING INDEXES JANUARY 2026",17872
21,19 March 2026,"Consumer Price Index Malaysia, February 2026",18634
21,17 March 2026,Bulletin Domestic Tourism Survey Q4 2025,17778
21,12 March 2026,"Performance of Wholesale & Retail Trade, January 2026",17367
21,12 March 2026,"Monthly Rubber Statistics, January 2026",17340
22,11 March 2026,"Labour Force Statistics, January 2026",17190
22,11 March 2026,Special Release 1 - For Civil Engineering Works Peninsular Malaysia,17167
22,11 March 2026,Special Release 1 - For Civil Engineering Works Sabah and Sarawak,17163
22,11 March 2026,"Special Release 2 - For Building and Structural Works, February 2026",17150
22,11 March 2026,Special Release 2 - For Building and Structural Works Sabah and Sarawak,17146
22,11 March 2026,Special Release 3 - For Mechanical and Electrical Works Malaysia,17139
22,10 March 2026,"Index of Industrial Production, January 2026",17102
22,10 March 2026,"Monthly Manufacturing Statistics, January 2026",17114
22,4 March 2026,Publication Mining of Petroleum and Natural Gas Statistics Q4 2025,16854
22,27 February 2026,"Malaysian Economic Statistics Review (MESR), Volume 2/2026",17294
23,27 February 2026,"Malaysian Economic Statistics Review (MESR), Volume 2/2026",17294
23,27 February 2026,"Malaysia External Trade Indices, January 2026",17259
23,26 February 2026,"Producer Price Index – Local Production, January 2026",17200
23,26 February 2026,"Monthly Statistical Bulletin Malaysia, December 2025",17210
23,26 February 2026,"Labour Market Review (LMR), Fourth Quarter 2025",17214
23,24 February 2026,"Manufacturing Industry Capacity Utilisation Statistics, Fourth Quarter 2025",19457
23,23 February 2026,"Labour Productivity, Fourth Quarter 2025",17080
23,20 February 2026,"Malaysia External Trade Statistics, January 2026 - Publication",17063
23,20 February 2026,"Malaysian Economic Indicators: Leading, Coincident & Lagging Indexes, December 2025",17049
23,20 February 2026,"Malaysia External Trade Statistics, January 2026 - Bulletin",17062
24,20 February 2026,Multidimensional Poverty Malaysia 2024,17039
24,19 February 2026,"Consumer Price Index Malaysia, January 2026",17009
24,13 February 2026,"International Investment Position, Fourth Quarter 2025",16992
24,13 February 2026,Gross Domestic Product Fourth Quarter 2025,16948
24,13 February 2026,"Quarterly Balance of Payments, Fourth Quarter 2025",16960
24,12 February 2026,"Monthly Rubber Statistics, December 2025",16888
24,12 February 2026,"Employment Statistics, Fourth Quarter 2025",16927
24,11 February 2026,"Special Release 2 - For Building and Structural Works, January 2026",16668
24,11 February 2026,"Special Release 1 - For Civil Engineering Works Sabah and Sarawak, January 2026",16663
24,11 February 2026,"Special Release 2 - For Building and Structural Works Sabah and Sarawak, January 2026",16655
25,11 February 2026,"Special Release 2 - For Building and Structural Works, January 2026",16668
25,11 February 2026,"Special Release 1 - For Civil Engineering Works Sabah and Sarawak, January 2026",16663
25,11 February 2026,"Special Release 1 - For Civil Engineering Works Peninsular Malaysia, January 2026",16659
25,11 February 2026,"Special Release 2 - For Building and Structural Works Sabah and Sarawak, January 2026",16655
25,11 February 2026,"Special Release 3 - Mechanical and Electrical Works Malaysia, January 2026",16651
25,10 February 2026,"Performance of Wholesale & Retail Trade, December 2025",16678
25,10 February 2026,"Quarterly Services Statistics, Q4 2025",16742
25,10 February 2026,Volume Index of Wholesale & Retail Trade Fourth Quarter 2025,16701
25,10 February 2026,Volume Index of Services Fourth Quarter 2025,16726
25,9 February 2026,"Monthly Manufacturing Statistics, Malaysia, December 2025",16640
26,9 February 2026,"Index of Industrial Production, December 2025",16628
26,5 February 2026,"Publication Services Producer Price Index, Fourth Quarter 2025",16606
26,30 January 2026,"Malaysian Economic Statistics Review (MESR), Volume 1/2026",16772
26,29 January 2026,"Monthly Statistical Bulletin Malaysia, November 2025",16768
26,28 January 2026,Producer Price index December 2025,16716
26,28 January 2026,"Malaysia External Trade Indices, December 2025",16757
26,27 January 2026,"Employee Wages Statistics (Formal Sector), Third Quarter 2025",16695
26,23 January 2026,"MALAYSIAN ECONOMIC INDICATORS LEADING, COINCIDENT & LAGGING INDEXES NOVEMBER 2025",16622
26,20 January 2026,"Malaysia External Trade Statistics, December 2025",16597
26,20 January 2026,"Malaysia External Trade Statistics, December 2025",16598
27,20 January 2026,"Consumer Price Index Malaysia, December 2025",16583
27,16 January 2026,Publication Advance Gross Domestic Product (GDP) Estimates Fourth Quarter 2025,16568
27,13 January 2026,MONTHLY RUBBER STATISTICS,16556
27,12 January 2026,Special Release 2 - For Building and Structural Works Sabah and Sarawak,16547
27,12 January 2026,Special Release 1 - For Civil Engineering Works Peninsular Malaysia,16531
27,12 January 2026,Special Release 3 - For Mechanical and Electrical Works Malaysia,16551
27,12 January 2026,Special Release 1 - For Civil Engineering Works Sabah and Sarawak,16535
27,12 January 2026,Special Release 2 - For Building and Structural Works,16540
27,9 January 2026,"LABOUR FORCE MALAYSIA, NOVEMBER 2025",16484
27,9 January 2026,"Index of Industrial Production, Malaysia",16496
28,9 January 2026,"MONTHLY MANUFACTURING STATISTICS, NOVEMBER 2025",16508
28,9 January 2026,"Publication Performance of Wholesale & Retail Trade, November 2025",16520
28,31 December 2025,"Publication Environment Statistics, Kelantan 2025",18155
28,31 December 2025,"Malaysian Economic Statistics Review (MESR), Volume 12/2025",18093
28,31 December 2025,"Publication Environment Statistics, Terengganu 2025",18233
28,31 December 2025,"Publication Environment Statistics, Perak 2025",18230
28,31 December 2025,"Publication Environment Statistics, Perlis 2025",18231
28,31 December 2025,"Publication Environment Statistics, Selangor 2025",18232
28,31 December 2025,"Publication Environment Statistics, Sarawak 2025",18261
28,31 December 2025,"Publication Environment Statistics, Wilayah Persekutuan 2025",18262
29,31 December 2025,"Publication Environment Statistics, Perlis 2025",18231
29,31 December 2025,"Publication Environment Statistics, Perak 2025",18230
29,31 December 2025,"Publication Environment Statistics, Pahang 2025",18228
29,31 December 2025,"Publication Environment Statistics, Kedah 2025",18154
29,31 December 2025,"Publication Environment Statistics, Pulau Pinang 2025",18229
29,31 December 2025,"Publication Environment Statistics, Negeri Sembilan 2025",18227
29,31 December 2025,"Publication Environment Statistics, Melaka 2025",18156
29,30 December 2025,"Compendium of Environment Statistics, Malaysia",18503
29,30 December 2025,"Monthly Statistical Bulletin Malaysia, October 2025",18498
29,29 December 2025,"Malaysia Trade Statistics Review (MTSR), 2025",18672
30,29 December 2025,"Malaysia Trade Statistics Review (MTSR), 2025",18672
30,26 December 2025,"Malaysia External Trade Indices, November 2025",18520
30,26 December 2025,"Selected Agricultural Indicators, Malaysia, 2025",18538
30,24 December 2025,"Cost of Living Indicators, 2024 - Perlis",20448
30,24 December 2025,"Cost of Living Indicators, 2024 - Kedah",20441
30,24 December 2025,"Cost of Living Indicators, 2024 - Terengganu",20450
30,24 December 2025,"Cost of Living Indicators, 2024 - Selangor",20449
30,24 December 2025,Basic Amenities Survey Report 2024,18494
30,24 December 2025,"Cost of Living Indicators, 2024 - Pahang",20445
30,24 December 2025,"Cost of Living Indicators, 2024 - Pulau Pinang",20446
31,24 December 2025,"Cost of Living Indicators, 2024 - Terengganu",20450
31,24 December 2025,"Cost of Living Indicators, 2024 - Kedah",20441
31,24 December 2025,"International Migration Statistics, Malaysia, 2025",17701
31,24 December 2025,"Cost of Living Indicators, 2024 - Federal Territory",20453
31,24 December 2025,"Cost of Living Indicators, 2024 - Sarawak",20452
31,24 December 2025,"Cost of Living Indicators, 2024 - Sabah",20451
31,24 December 2025,"Cost of Living Indicators, 2024 - Negeri Sembilan",20444
31,24 December 2025,"Cost of Living Indicators, 2024 - Kelantan",20442
31,24 December 2025,"Cost of Living Indicators, 2024 - Johor",20440
31,24 December 2025,"Cost of Living Indicators, 2024 - Melaka",20443
32,23 December 2025,Agriculture Census 2024 Report: Paddy,17958
32,23 December 2025,Agriculture Census 2024 Report: Employment,17971
32,23 December 2025,Agriculture Census 2024 Report: Cocoa,17955
32,23 December 2025,"MALAYSIAN ECONOMIC INDICATORS LEADING, COINCIDENT & LAGGING INDEXES OCTOBER 2025",17884
32,23 December 2025,Agriculture Census 2024 Report: Vegetables,17967
32,23 December 2025,Agriculture Census 2024 Report: Captured Fisheries,17965
32,23 December 2025,Agriculture Census 2024 Report: Kenaf,17954
32,23 December 2025,Agriculture Census 2024 Report: Pineapple,17957
32,23 December 2025,Agriculture Census 2024 Report: Forestry & Logging,17963
32,23 December 2025,Agriculture Census 2024 Report: Other Crops,17968
33,23 December 2025,"MALAYSIAN ECONOMIC INDICATORS LEADING, COINCIDENT & LAGGING INDEXES OCTOBER 2025",17884
33,23 December 2025,Agriculture Census 2024 Report: Vegetables,17967
33,23 December 2025,Agriculture Census 2024 Report: Captured Fisheries,17965
33,23 December 2025,Agriculture Census 2024 Report: Kenaf,17954
33,23 December 2025,Agriculture Census 2024 Report: Cocoa,17955
33,23 December 2025,Agriculture Census 2024 Report: Pepper,17956
33,23 December 2025,Agriculture Census 2024 Report: Pineapple,17957
33,23 December 2025,Agriculture Census 2024 Report: Forestry & Logging,17963
33,22 December 2025,"Consumer Price Index Malaysia, November 2025",17839
33,19 December 2025,"Malaysia External Trade Statistics, November 2025 - Publication",17794
34,19 December 2025,"Malaysia External Trade Statistics, April 2025",17793
34,19 December 2025,Malaysian Well-Being Index at State Level 2024,17811
34,19 December 2025,Malaysian Well-Being Index 2024,17810
34,18 December 2025,"MIGRATION SURVEY REPORT, MALAYSIA, 2024",17710
34,18 December 2025,"STATISTICS ON CAUSES OF DEATH, MALAYSIA, 2025",17725
34,18 December 2025,Publications,17735
34,18 December 2025,Performance of Domestic Tourism in Third Quarter 2025,17756
34,17 December 2025,"Sustainable Development Goals (SDG) Indicators, 2024 - WP Putrajaya",17387
34,17 December 2025,"Statistics Yearbook, Sabah",17186
34,17 December 2025,"Sustainable Development Goals (SDG) Indicators, Malaysia, 2024 - Executive Summary",17238
35,17 December 2025,"Sustainable Development Goals (SDG) Indicators, 2024 - WP Labuan",17386
35,17 December 2025,"Sustainable Development Goals (SDG) Indicators, 2024 - WP Kuala Lumpur",17382
35,17 December 2025,"Sustainable Development Goals (SDG) Indicators, 2024 - Sarawak",17380
35,17 December 2025,"Sustainable Development Goals (SDG) Indicators, 2024 - Pulau Pinang",17361
35,17 December 2025,"Sustainable Development Goals (SDG) Indicators, 2024 - Kedah",17346
35,17 December 2025,"Sustainable Development Goals (SDG) Indicators, 2024 - Kelantan",17348
35,17 December 2025,"Sustainable Development Goals (SDG) Indicators, 2024 - Melaka",17354
35,17 December 2025,"Sustainable Development Goals (SDG) Indicators, 2024 - Negeri Sembilan",17355
35,17 December 2025,"Sustainable Development Goals (SDG) Indicators, 2024 - Pahang",17360
35,17 December 2025,"Sustainable Development Goals (SDG) Indicators, 2024 - Perlis",17372
36,17 December 2025,"Sustainable Development Goals (SDG) Indicators, 2024 - WP Kuala Lumpur",17382
36,17 December 2025,"Sustainable Development Goals (SDG) Indicators, 2024 - WP Labuan",17386
36,17 December 2025,"Sustainable Development Goals (SDG) Indicators, 2024 - WP Putrajaya",17387
36,17 December 2025,"Statistics Yearbook, Sabah",17186
36,17 December 2025,"Sustainable Development Goals (SDG) Indicators, Malaysia, 2024 - Prosperity",17255
36,17 December 2025,"Sustainable Development Goals (SDG) Indicators, 2024 - Johor",17258
36,17 December 2025,"Statistics Yearbook, Sarawak",17184
36,17 December 2025,"Sustainable Development Goals (SDG) Indicators, Malaysia, 2024 - Planet",17246
36,17 December 2025,"Sustainable Development Goals (SDG) Indicators, Malaysia, 2024 - Peace and Partnership",17252
36,17 December 2025,"Sustainable Development Goals (SDG) Indicators, Malaysia, 2024 - People",17239
37,16 December 2025,Regional Tourism Satellite Account Sabah 2024,17173
37,15 December 2025,"SUPPLY AND UTILIZATION ACCOUNTS SELECTED AGRICULTURAL COMMODITIES, MALAYSIA, 2020 - 2024",17128
37,15 December 2025,ECONOMIC CENSUS 2023 - ENVIRONMENTAL PROTECTION EXPENDITURE,17140
37,12 December 2025,"Publication Performance of Wholesale & Retail Trade, October 2025",16991
37,12 December 2025,"MONTHLY MANUFACTURING STATISTICS, OCTOBER 2025",17026
37,12 December 2025,"Index of Industrial Production, Malaysia",17074
37,11 December 2025,"PERSON WITH DISABILITY STATISTICS, MALAYSIA, 2024",16941
37,11 December 2025,MONTHLY RUBBER STATISTICS,16976
37,10 December 2025,"LABOUR FORCE MALAYSIA, OCTOBER 2025",16901
37,10 December 2025,Special Release 2 - For Building and Structural Works,16932
38,10 December 2025,Special Release 3 - For Mechanical and Electrical Works Malaysia,16881
38,10 December 2025,"LABOUR FORCE MALAYSIA, OCTOBER 2025",16901
38,10 December 2025,Special Release 2 - For Building and Structural Works Sabah and Sarawak,16915
38,10 December 2025,Special Release 1 - For Civil Engineering Works Sabah and Sarawak,16922
38,3 December 2025,Publication Mining of Petroleum and Natural Gas Statistics Q3 2025,16866
38,2 December 2025,Bumiputera Statistics 2025 Publication,16834
38,28 November 2025,"Malaysian Economic Statistics Review (MESR), Volume 11/2025",18428
38,28 November 2025,NATIONAL ECONOMIC ACCOUNTS OF MALAYSIA,18463
38,28 November 2025,"Malaysia External Trade Indices, October 2025",18450
38,28 November 2025,"Monthly Statistical Bulletin Malaysia, September 2025",18439
39,27 November 2025,"Business Tendency Statistics, Fourth Quarter 2025",18403
39,27 November 2025,Producer Price index October 2025,18415
39,26 November 2025,MALAYSIA DIGITAL ECONOMY 2025,18384
39,25 November 2025,"Manufacturing Industry Capacity Utilisation Statistics, Third Quarter 2025",18240
39,25 November 2025,"MALAYSIAN ECONOMIC INDICATORS LEADING, COINCIDENT & LAGGING INDEXES SEPTEMBER 2025",17896
39,25 November 2025,"Malaysia Gender Gap Index (MGGI), 2025",18332
39,25 November 2025,"Statistics on Women Empowerment, 2025",18333
39,24 November 2025,"My Local Stats (Malaysia, State & Administrative District) 2024",18191
39,21 November 2025,LMR Q3 2025,18179
39,21 November 2025,"Consumer Price Index Malaysia, October 2025",18166
40,20 November 2025,Labour Productivity Third Quarter 2025,18008
40,20 November 2025,"MARRIAGE DIVORCE AND RUJUK STATISTICS, MALAYSIA, 2025",17983
40,19 November 2025,"Malaysia External Trade Statistics, October 2025 - Publication",17944
40,19 November 2025,"Malaysia External Trade Statistics, October 2025",17943
40,14 November 2025,Publications,17929
40,14 November 2025,INTERNATIONAL INVESTMENT POSITION Q3 2025,17664
40,14 November 2025,"Quarterly Balance of Payments, Third Quarter 2025",17677
40,13 November 2025,"Employment Statistics, Q3 2025",17617
40,12 November 2025,Construction Statistics Third Quarter 2025,17605
40,12 November 2025,"MALAYSIA HUMAN DEVELOPMENT INDEX, 2024",17560
41,12 November 2025,"Special Release 2 - For Building and Structural Works ,October 2025",17569
41,12 November 2025,"MALAYSIA HUMAN DEVELOPMENT INDEX, 2024",17560
41,12 November 2025,"Special Release 1 - For Civil Engineering Works Sabah and Sarawak, October 2025",17556
41,12 November 2025,"Special Release 2 - For Building and Structural Works Sabah and Sarawak, October 2025",17552
41,12 November 2025,"Special Release 1 - For Civil Engineering Works Peninsular Malaysia, October 2025",17548
41,11 November 2025,Volume Index of Wholesale & Retail Trade Third Quarter 2025 - Publication,17513
41,11 November 2025,"Publication Performance of Wholesale & Retail Trade, September 2025",17535
41,11 November 2025,PUBLICATION QSS Q3 2025,17501
41,11 November 2025,QUARTERLY VOLUME INDEX OF SERVICES Q3 2025,17525
41,10 November 2025,"LABOUR FORCE MALAYSIA, SEPTEMBER 2025",17479
42,10 November 2025,"Principal Statistics of Labour Force, Malaysia, Third Quarter 2025",17491
42,7 November 2025,"Index of Industrial Production, Malaysia",17439
42,7 November 2025,"MONTHLY MANUFACTURING STATISTICS, SEPTEMBER 2025",17467
42,6 November 2025,PUBLICATION SPPI Q3 2025,17413
42,3 November 2025,"Children Statistics, Malaysia, 2025",17320
42,31 October 2025,"Monthly Statistical Bulletin Malaysia, August 2025",18501
42,31 October 2025,"Graduates Statistics, 2023",18747
42,31 October 2025,"Malaysian Economic Statistics Review (MESR), Volume 10/2025",18686
42,30 October 2025,Labour Productivity by State 2024,18693
42,29 October 2025,"Producer Price Index – Local Production, September 2025",18737
43,28 October 2025,"Malaysia External Trade Indices, September 2025",18708
43,28 October 2025,Business Demography Malaysia 2024,18740
43,27 October 2025,"Employee Wages Statistics (Formal Sector), Second Quarter 2025",18675
43,26 October 2025,Agriculture Census 2024 Interim Report Johor,18755
43,24 October 2025,"Publication Malaysian Economic Indicators: Leading, Coincident & Lagging Indexes, August 2025",17908
43,22 October 2025,"Consumer Price Index Malaysia, September 2025",18661
43,17 October 2025,Publication Advance Gross Domestic Product (GDP) Estimates Third Quarter 2025,18617
43,17 October 2025,"Malaysia External Trade Statistics, September 2025 - Publication",18646
43,17 October 2025,"Malaysia External Trade Statistics, September 2025",18643
43,16 October 2025,"CRIME STATISTICS, MALAYSIA, 2025",18567
44,16 October 2025,"Vital Statistics, Malaysia, 2025",18540
44,15 October 2025,Publications,18281
44,14 October 2025,SPECIAL REPORT ON THE DEMOGRAPHICS OF ORANG ASLI,18239
44,10 October 2025,"MONTHLY MANUFACTURING STATISTICS, AUGUST 2025",18099
44,10 October 2025,"Index of Industrial Production, Malaysia",18123
44,10 October 2025,"Publication Performance of Wholesale & Retail Trade, August 2025",16458
44,10 October 2025,"LABOUR FORCE MALAYSIA, AUGUST 2025",18192
44,9 October 2025,Special Release 3 - For Mechanical and Electrical Works Malaysia,18069
44,9 October 2025,Special Release 1 - For Civil Engineering Works Peninsular Malaysia,18022
44,9 October 2025,MONTHLY RUBBER STATISTICS,18052
45,9 October 2025,MONTHLY RUBBER STATISTICS,18052
45,9 October 2025,Special Release 2 - For Building and Structural Works,18041
45,9 October 2025,Special Release 1 - For Civil Engineering Works Peninsular Malaysia,18022
45,8 October 2025,LAPORAN SURVEI PERBELANJAAN ISI RUMAH 2024 PULAU PINANG,17273
45,8 October 2025,LAPORAN SURVEI PENDAPATAN ISI RUMAH 2024 MELAKA,17405
45,8 October 2025,LAPORAN SURVEI PENDAPATAN ISI RUMAH 2024 PERLIS,17409
45,8 October 2025,LAPORAN SURVEI PENDAPATAN ISI RUMAH 2024 PERAK,17408
45,8 October 2025,LAPORAN SURVEI PENDAPATAN ISI RUMAH 2024 PAHANG,17407
45,8 October 2025,LAPORAN SURVEI PENDAPATAN ISI RUMAH 2024 NEGERI SEMBILAN,17406
45,8 October 2025,LAPORAN SURVEI PENDAPATAN ISI RUMAH 2024 KEDAH,17401
46,8 October 2025,LAPORAN SURVEI PENDAPATAN ISI RUMAH 2024 PAHANG,17407
46,8 October 2025,LAPORAN SURVEI PENDAPATAN ISI RUMAH 2024 PERAK,17408
46,8 October 2025,LAPORAN SURVEI PENDAPATAN ISI RUMAH 2024 PERLIS,17409
46,8 October 2025,LAPORAN SURVEI PENDAPATAN ISI RUMAH 2024 TERENGGANU,17422
46,8 October 2025,Laporan_Kemiskinan_di_Malaysia_2024,18011
46,8 October 2025,INEQUALITY 2024,17752
46,8 October 2025,LAPORAN SURVEI PENDAPATAN ISI RUMAH 2024 WILAYAH PERSEKUTUAN,17423
46,8 October 2025,LAPORAN SURVEI PENDAPATAN ISI RUMAH 2024 SARAWAK,17417
46,8 October 2025,LAPORAN SURVEI PENDAPATAN ISI RUMAH 2024 SABAH,17415
46,8 October 2025,LAPORAN SURVEI PERBELANJAAN ISI RUMAH 2024 JOHOR,17249
47,8 October 2025,LAPORAN SURVEI PENDAPATAN ISI RUMAH 2024 JOHOR,17400
47,8 October 2025,INTISARI,17316
47,8 October 2025,LAPORAN SURVEI PERBELANJAAN ISI RUMAH 2024 KEDAH,17253
47,8 October 2025,LAPORAN SURVEI PERBELANJAAN ISI RUMAH 2024 KELANTAN,17257
47,8 October 2025,LAPORAN SURVEI PERBELANJAAN ISI RUMAH 2024 MELAKA,17260
47,8 October 2025,LAPORAN SURVEI PERBELANJAAN ISI RUMAH 2024 NEGERI SEMBILAN,17263
47,8 October 2025,LAPORAN SURVEI PERBELANJAAN ISI RUMAH 2024 PAHANG,17264
47,8 October 2025,LAPORAN SURVEI PERBELANJAAN ISI RUMAH 2024 PERAK,17269
47,8 October 2025,LAPORAN SURVEI PERBELANJAAN ISI RUMAH 2024 PERLIS,17272
47,8 October 2025,LAPORAN SURVEI PENDAPATAN ISI RUMAH 2024 MALAYSIA,17397
48,8 October 2025,LAPORAN SURVEI PERBELANJAAN ISI RUMAH 2024 SARAWAK,17277
48,8 October 2025,LAPORAN SURVEI PERBELANJAAN ISI RUMAH 2024 SELANGOR,17278
48,8 October 2025,LAPORAN SURVEI PERBELANJAAN ISI RUMAH 2024 TERENGGANU,17279
48,8 October 2025,LAPORAN SURVEI PERBELANJAAN ISI RUMAH 2024 WILAYAH PERSEKUTUAN,17280
48,8 October 2025,LAPORAN SURVEI PENDAPATAN ISI RUMAH 2024 MALAYSIA,17397
48,8 October 2025,LAPORAN SURVEI PERBELANJAAN ISI RUMAH 2024 MALAYSIA,17247
48,2 October 2025,"Current Population Estimates, Administrative Distric, 2025",16399
48,2 October 2025,"Current Population Estimates, Administrative Distric, 2025",16398
48,2 October 2025,"Current Population Estimates, Administrative Distric, 2025",16397
48,2 October 2025,"Current Population Estimates, Administrative Distric, 2025",16396
49,2 October 2025,"Current Population Estimates, Administrative Distric, 2025",16397
49,2 October 2025,"Current Population Estimates, Administrative Distric, 2025",16398
49,2 October 2025,"Current Population Estimates, Administrative Distric, 2025",16399
49,2 October 2025,"Current Population Estimates, Administrative Distric, 2025",16402
49,2 October 2025,"Current Population Estimates, Administrative Distric, 2025",16411
49,2 October 2025,"Current Population Estimates, Administrative Distric, 2025",16408
49,2 October 2025,"Current Population Estimates, Administrative Distric, 2025",16400
49,2 October 2025,"Current Population Estimates, Administrative Distric, 2025",16403
49,2 October 2025,"Current Population Estimates, Administrative Distric, 2025",16405
49,30 September 2025,"Malaysian Economic Statistics Review (MESR), Volume 9 2025",16465
50,30 September 2025,Economic Census 2023: Research and Development Statistics,16335
50,30 September 2025,"Malaysian Economic Statistics Review (MESR), Volume 9 2025",16465
50,30 September 2025,"Monthly Statistical Bulletin Malaysia, July 2025",16233
50,29 September 2025,Salaries and Wages Survey Report 2024,16249
50,29 September 2025,Producer Price index August 2025,16235
50,26 September 2025,STATISTICS ON MALAYSIAN AFFILIATES ABROAD (OUTWARD FATS) 2023,16221
50,26 September 2025,"Malaysia External Trade Indices, August 2025",16085
50,26 September 2025,Statistics on Foreign Affiliates in Malaysia (Inward FATS) 2023,16201
50,24 September 2025,"MALAYSIAN ECONOMIC INDICATORS LEADING, COINCIDENT & LAGGING INDEXES JULY 2025",16056
50,23 September 2025,"Consumer Price Index Malaysia, August 2025",16043
51,19 September 2025,"Malaysia External Trade Statistics, August 2025 - Publication",16230
51,19 September 2025,"Malaysia External Trade Statistics, August 2025",16019
51,18 September 2025,Domestic Tourism Survey 2024 Perak,15996
51,18 September 2025,Domestic Tourism Survey 2024 W. P. Kuala Lumpur,16002
51,18 September 2025,Domestic Tourism Survey 2024 Pulau Pinang,15995
51,18 September 2025,Domestic Tourism Survey 2024 Pahang,15993
51,18 September 2025,Domestic Tourism Survey 2024 Negeri Sembilan,15989
51,18 September 2025,Domestic Tourism Survey 2024 Kelantan,15987
51,18 September 2025,Domestic Tourism Survey 2024 Kedah,15986
51,18 September 2025,Domestic Tourism Survey 2024 Johor,15985
52,18 September 2025,Domestic Tourism Survey 2024 Perak,15996
52,18 September 2025,Domestic Tourism Survey 2024 Selangor,15998
52,18 September 2025,Domestic Tourism Survey 2024 Perlis,15997
52,18 September 2025,Performance of Domestic Tourism in Second Quarter 2025,16024
52,18 September 2025,Domestic Tourism Survey 2024 W. P. Putrajaya,16005
52,18 September 2025,Domestic Tourism Survey 2024 W. P. Labuan,16003
52,18 September 2025,Domestic Tourism Survey 2024 Sabah,16000
52,18 September 2025,Domestic Tourism Survey 2024 Sarawak,16001
52,18 September 2025,Domestic Tourism Survey 2024 Terengganu,15999
52,12 September 2025,MELAKA HAPPINESS INDEX (MHI) 2024,15913
53,12 September 2025,PULAU PINANG HAPPINESS INDEX (MHI) 2024,15916
53,12 September 2025,PAHANG HAPPINESS INDEX (MHI) 2024,15915
53,12 September 2025,NEGERI SEMBILAN HAPPINESS INDEX (MHI) 2024,15914
53,12 September 2025,MELAKA HAPPINESS INDEX (MHI) 2024,15913
53,12 September 2025,MALAYSIA HAPPINESS INDEX (MHI) 2024,15909
53,12 September 2025,"Publication Performance of Wholesale & Retail Trade, July 2025",15933
53,12 September 2025,Tourism Satellite Account 2024,15861
53,12 September 2025,KELANTAN HAPPINESS INDEX (MHI) 2024,15912
53,12 September 2025,JOHOR HAPPINESS INDEX (MHI) 2024,15910
53,12 September 2025,KEDAH HAPPINESS INDEX (MHI) 2024,15911
54,12 September 2025,SELANGOR HAPPINESS INDEX (MHI) 2024,15919
54,12 September 2025,MONTHLY RUBBER STATISTICS,15939
54,12 September 2025,PERLIS HAPPINESS INDEX (MHI) 2024,15918
54,12 September 2025,WILAYAH PERSEKUTUAN PUTRAJAYA HAPPINESS INDEX (MHI) 2024,15926
54,12 September 2025,WILAYAH PERSEKUTUAN LABUAN HAPPINESS INDEX (MHI) 2024,15924
54,12 September 2025,SARAWAK HAPPINESS INDEX (MHI) 2024,15922
54,12 September 2025,WILAYAH PERSEKUTUAN KUALA LUMPUR HAPPINESS INDEX (MHI) 2024,15923
54,12 September 2025,TERENGGANU HAPPINESS INDEX (MHI) 2024,15920
54,12 September 2025,SABAH HAPPINESS INDEX (MHI) 2024,15921
54,11 September 2025,Special Release 2 - For Building and Structural Works,15830
55,11 September 2025,Special Release 1 - For Civil Engineering Works Peninsular Malaysia,15818
55,11 September 2025,Special Release 1 - For Civil Engineering Works Sabah and Sarawak,15822
55,11 September 2025,Special Release 2 - For Building and Structural Works,15830
55,11 September 2025,Special Release 3 - For Mechanical and Electrical Works Malaysia,15834
55,11 September 2025,"MONTHLY MANUFACTURING STATISTICS, JULY 2025",15866
55,11 September 2025,"Index of Industrial Production, Malaysia",15878
55,10 September 2025,"LABOUR FORCE MALAYSIA, JULY 2025",15849
55,3 September 2025,Publication Mining of Petroleum and Natural Gas Statistics Q2 2025,15798
55,29 August 2025,"Malaysian Economic Statistics Review (MESR), Volume 8/2025",15808
55,29 August 2025,Halal Statistics Publication,15779
56,28 August 2025,"Malaysia External Trade Indices, July 2025",15767
56,28 August 2025,Producer Price index July 2025,15750
56,27 August 2025,Penerbitan,15736
56,27 August 2025,"Monthly Statistical Bulletin Malaysia, June 2025",15746
56,27 August 2025,"Statistical Handbook Malaysia, 2024",15748
56,25 August 2025,"MALAYSIAN ECONOMIC INDICATORS LEADING, COINCIDENT & LAGGING INDEXES JUNE 2025",15714
56,22 August 2025,"Manufacturing Industry Capacity Utilisation Statistics, Second Quarter 2025",15696
56,22 August 2025,"Consumer Price Index Malaysia, July 2025",15673
56,22 August 2025,"Labour Market Review, Q2 2025",15699
56,21 August 2025,Labour Productivity Second Quarter 2025,15641
57,19 August 2025,"Malaysia External Trade Statistics, July 2025 - Publications",15774
57,19 August 2025,"Malaysia External Trade Statistics, July 2025",15633
57,15 August 2025,Publication Gross Domestic Product Second Quarter 2025,15595
57,15 August 2025,INTERNATIONAL INVESTMENT POSITION Q2 2025,15602
57,15 August 2025,"Publication of Quarterly Balance of Payments, Second Quarter 2025",15598
57,14 August 2025,"Employment Statistics, Q2 2025",15580
57,12 August 2025,Special Release 3 - For Mechanical and Electrical Works Malaysia,15523
57,12 August 2025,Special Release 1 - For Civil Engineering Works Peninsular Malaysia,15511
57,12 August 2025,Special Release 2 - For Building and Structural Works,15527
57,12 August 2025,Special Release 2 - For Building and Structural Works Sabah and Sarawak,15519
58,12 August 2025,Special Release 3 - For Mechanical and Electrical Works Malaysia,15523
58,12 August 2025,MONTHLY RUBBER STATISTICS,15556
58,11 August 2025,Construction Statistics Second Quarter 2025,15499
58,11 August 2025,"Principal Statistics of Labour Force, Malaysia, Second Quarter 2025",15537
58,11 August 2025,"LABOUR FORCE MALAYSIA, JUNE 2025",15535
58,10 August 2025,Agriculture Census 2024 Interim Report Kelantan,15547
58,8 August 2025,PUBLICATION QSS Q2 2025,15443
58,8 August 2025,"Publication Performance of Wholesale & Retail Trade, June 2025",15451
58,8 August 2025,QUARTERLY VOLUME INDEX OF SERVICES Q2 2025,15450
58,8 August 2025,Volume Index of Wholesale & Retail Trade Second Quarter 2025 - Publication,15436
59,7 August 2025,State Socioeconomic Report Perak 2024,15365
59,7 August 2025,State Socioeconomic Report Perlis 2024,15366
59,7 August 2025,State Socioeconomic Report Selangor 2024,15367
59,7 August 2025,State Socioeconomic Report Terengganu 2024,15368
59,7 August 2025,State Socioeconomic Report Sabah 2024,15369
59,7 August 2025,State Socioeconomic Report Sarawak 2024,15370
59,7 August 2025,State Socioeconomic Report WPKL 2024,15371
59,7 August 2025,State Socioeconomic Report WP Labuan 2024,15372
59,7 August 2025,State Socioeconomic Report Pulau Pinang 2024,15364
59,7 August 2025,State Socioeconomic Report Johor 2024,15357
60,7 August 2025,State Socioeconomic Report WPKL 2024,15371
60,7 August 2025,State Socioeconomic Report Sarawak 2024,15370
60,7 August 2025,State Socioeconomic Report Sabah 2024,15369
60,7 August 2025,State Socioeconomic Report Terengganu 2024,15368
60,7 August 2025,State Socioeconomic Report Selangor 2024,15367
60,7 August 2025,State Socioeconomic Report Perlis 2024,15366
60,7 August 2025,State Socioeconomic Report Perak 2024,15365
60,6 August 2025,PUBLICATION SPPI Q2 2025,15354
60,5 August 2025,Agriculture Census 2024 Interim Report Pahang,15432
60,31 July 2025,"Current Population Estimates, Malaysia, 2025",15648
61,31 July 2025,"Malaysian Economic Statistics Review (MESR), Volume 7/2025",15810
61,31 July 2025,"Micro, Small & Medium Enterprises (MSMEs) Performance 2024",15324
61,30 July 2025,Gross Domestic Product Income Approach 2024,15299
61,30 July 2025,Usage of ICT and E-Commerce by Establishment 2024 Publication,15193
61,30 July 2025,"Monthly Statistical Bulletin Malaysia, May 2025",15309
61,30 July 2025,Agriculture Census 2024 Interim Report Terengganu,15337
61,29 July 2025,Gross Fixed Capital Formation 2024,15275
61,29 July 2025,"Final External Trade Statistics Publication, 2024",15276
61,29 July 2025,Agriculture Census 2024 Interim Report Selangor,15313
61,28 July 2025,"Employee Wages Statistics (Formal Sector), First Quarter 2025",15265
62,28 July 2025,Producer Price index June 2025,15227
62,28 July 2025,"Malaysia External Trade Indices, June 2025",15232
62,25 July 2025,"MALAYSIAN ECONOMIC INDICATORS LEADING, COINCIDENT & LAGGING INDEXES MAY 2025",15198
62,25 July 2025,Agriculture Census 2024 Interim Report Melaka,15234
62,22 July 2025,"Consumer Price Index Malaysia, June 2025",15179
62,18 July 2025,Penerbitan KDNK Awalan Suku Tahun Kedua 2025,15133
62,18 July 2025,"Malaysia External Trade Statistics, June 2025",15140
62,18 July 2025,"Malaysia External Trade Statistics, June 2025 - Publication",15258
62,16 July 2025,Publication,15118
62,15 July 2025,Agriculture Census 2024 Interim Report Sabah,15104
63,14 July 2025,"Publication Performance of Wholesale & Retail Trade, May 2025",15092
63,11 July 2025,"Population Projections, Malaysia, 2020-2060",15052
63,11 July 2025,"Index of Industrial Production, Malaysia",15082
63,11 July 2025,"Monthly Manufacturing Statistics, May 2025",15070
63,10 July 2025,Special Release 3 - For Mechanical and Electrical Works Malaysia,15015
63,10 July 2025,"LABOUR FORCE MALAYSIA, MAY 2025",15041
63,10 July 2025,MONTHLY RUBBER STATISTICS,15042
63,10 July 2025,Agriculture Census 2024 Interim Report Kedah,15045
63,10 July 2025,Special Release 2 - For Building and Structural Works Sabah and Sarawak,15003
63,10 July 2025,Special Release 1 - For Civil Engineering Works Peninsular Malaysia,14995
64,10 July 2025,"LABOUR FORCE MALAYSIA, MAY 2025",15041
64,10 July 2025,Special Release 3 - For Mechanical and Electrical Works Malaysia,15015
64,9 July 2025,Agriculture Census 2024 Interim Report Sarawak,15018
64,4 July 2025,"External Trade Statistics, Sabah, 2024",14957
64,4 July 2025,"External Trade Statistics, Sarawak, 2024",14943
64,3 July 2025,Agriculture Census 2024 Interim Report Negeri Sembilan,14937
64,2 July 2025,"Social Accounting Matrix, 2021",14934
64,1 July 2025,Agriculture Census 2024 Interim Report Perlis,14939
64,30 June 2025,"Monthly Statistical Bulletin Malaysia, April 2025",14905
64,30 June 2025,LABOUR FORCE SURVEY 2024,14903
65,28 June 2025,Agriculture Census 2024 Interim Report Federal Territory,14941
65,26 June 2025,Producer Price index May 2025,14828
65,26 June 2025,"Malaysia External Trade Indices, May 2025",14862
65,26 June 2025,"Malaysian Economic Statistics Review (MESR), Volume 6/2025",15811
65,25 June 2025,Statistics on Malaysia's Direct Investment Abroad (DIA) 2024,14991
65,25 June 2025,Statistics of International Trade in Services 2024,14812
65,25 June 2025,Publication FDI 2024,14805
65,24 June 2025,"MALAYSIAN ECONOMIC INDICATORS LEADING, COINCIDENT & LAGGING INDEXES APRIL 2025",14782
65,24 June 2025,"Consumer Price Index, May 2025",14810
65,23 June 2025,Agriculture Census 2024 Interim Report Perak,14915
66,20 June 2025,"Malaysia External Trade Statistics, May 2025",14744
66,20 June 2025,Statistics on Ramadan and Aidilfitri Bazaars Malaysia 2025,14753
66,20 June 2025,"Malaysia External Trade Statistics Publication, May 2025",14851
66,19 June 2025,Publication DTS Malaysia 2024,14720
66,19 June 2025,Economic Census 2023: Employment and Salaries & Wages Statistics,14727
66,19 June 2025,Buletin DTS 2025 First Quarter,14705
66,19 June 2025,Economic Census 2023- Youth-Owned Statistics,14713
66,17 June 2025,Agriculture Census 2024 Interim Report Pulau Pinang,14899
66,13 June 2025,"Publication Performance of Wholesale & Retail Trade, April 2025",14663
66,12 June 2025,Special Release 3 - For Mechanical and Electrical Works Malaysia,14620
67,12 June 2025,Special Release 2 - For Building and Structural Works Sabah and Sarawak,14624
67,12 June 2025,"Special Release 1 - For Civil Engineering Works Sabah and Sarawak,",14628
67,12 June 2025,MONTHLY RUBBER STATISTICS,14659
67,12 June 2025,Special Release 2 - For Building and Structural Works,14609
67,12 June 2025,Special Release 1 - For Civil Engineering Works Peninsular Malaysia,14616
67,11 June 2025,"Monthly Manufacturing Statistics, April 2025",14601
67,11 June 2025,Publication of Industrial Production Index April 2025,14589
67,11 June 2025,"Labour Force Statistics, April 2025",14606
67,4 June 2025,"Publication Mining of Petroleum and Natural Gas Statistics, Q1 2025",14557
67,30 May 2025,"Malaysian Economic Statistics Review (MESR), Volume 5 2025",14552
68,30 May 2025,"Malaysian Economic Statistics Review (MESR), Volume 5 2025",14552
68,29 May 2025,"Unveiling Malaysia's Agricultural Value Chain from Upstream to Downstream, Chicken and Egg",14475
68,29 May 2025,Laporan Khas Daging Lembu/Kerbau 2024,14487
68,29 May 2025,"Unveiling Malaysia's Agricultural Value Chain from Upstream to Downstream, Cattle and Goat",14476
68,29 May 2025,"Unveiling Malaysia's Agricultural Value Chain from Upstream to Downstream, Fisheries",14477
68,29 May 2025,"Unveiling Malaysia's Agricultural Value Chain from Upstream to Downstream, Vegetables",14478
68,29 May 2025,"Unveiling Malaysia's Agricultural Value Chain from Upstream to Downstream, Fruits",14479
68,29 May 2025,Laporan Khas Bawang 2024,14485
68,29 May 2025,"[3/4] Unveiling Malaysia's Agricultural Value Chain from Upstream to Downstream, Agricultural Activity Highlights",15393
68,29 May 2025,Laporan Khas Kelapa 2024,14486
69,29 May 2025,"Unveiling Malaysia's Agricultural Value Chain from Upstream to Downstream, Fisheries",14477
69,29 May 2025,"Unveiling Malaysia's Agricultural Value Chain from Upstream to Downstream, Cattle and Goat",14476
69,29 May 2025,"Unveiling Malaysia's Agricultural Value Chain from Upstream to Downstream, Chicken and Egg",14475
69,29 May 2025,"Unveiling Malaysia's Agricultural Value Chain from Upstream to Downstream, Oil Palm",14469
69,29 May 2025,"[1/4] Unveiling Malaysia's Agricultural Value Chain from Upstream to Downstream, Agricultural Activity Highlights",14464
69,29 May 2025,"Unveiling Malaysia's Agricultural Value Chain from Upstream to Downstream, Labour Force and Salaries & Wages",14465
69,29 May 2025,"Unveiling Malaysia's Agricultural Value Chain from Upstream to Downstream, Market Margins",14466
69,29 May 2025,"Unveiling Malaysia's Agricultural Value Chain from Upstream to Downstream, Agricultural Imports",14467
69,29 May 2025,"Unveiling Malaysia's Agricultural Value Chain from Upstream to Downstream, Multiplier Effects on the Economy",14468
69,29 May 2025,"Unveiling Malaysia's Agricultural Value Chain from Upstream to Downstream, Cocoa",14471
70,29 May 2025,"Unveiling Malaysia's Agricultural Value Chain from Upstream to Downstream, Cassava",14482
70,29 May 2025,Laporan Khas Bawang 2024,14485
70,29 May 2025,Laporan Khas Kelapa 2024,14486
70,29 May 2025,Laporan Khas Daging Lembu/Kerbau 2024,14487
70,29 May 2025,Agriculture Census 2024 Interim Report: Other Crops,14516
70,29 May 2025,Agriculture Census 2024 Interim Report: Employment,14846
70,29 May 2025,Agriculture Census 2024 Interim Report: Livestock,14517
70,29 May 2025,TaniStats: Tinjauan dan Analisis Terpilih,14847
70,29 May 2025,Agriculture Census 2024 Interim Report: Vegetables,14515
70,29 May 2025,Agriculture Census 2024 Interim Report: Captured Fisheries,14514
71,29 May 2025,Agriculture Census 2024 Interim Report: Employment,14846
71,29 May 2025,Agriculture Census 2024 Interim Report: Livestock,14517
71,29 May 2025,Agriculture Census 2024 Interim Report: Other Crops,14516
71,29 May 2025,Agriculture Census 2024 Interim Report: Vegetables,14515
71,29 May 2025,Agriculture Census 2024 Interim Report: Captured Fisheries,14514
71,29 May 2025,Agriculture Census 2024 Interim Report: Aquaculture,14504
71,29 May 2025,Agriculture Census 2024 Interim Report: Rubber,14506
71,29 May 2025,Agriculture Census 2024 Interim Report: Fruits,14505
71,29 May 2025,Agriculture Census 2024 Interim Report: Palm Oil,14507
71,29 May 2025,Agriculture Census 2024 Interim Report: Forestry & Logging,14513
72,29 May 2025,Agriculture Census 2024 Interim Report: Palm Oil,14507
72,29 May 2025,Agriculture Census 2024 Interim Report: Rubber,14506
72,29 May 2025,Agriculture Census 2024 Interim Report: Fruits,14505
72,29 May 2025,Agriculture Census 2024 Interim Report: Aquaculture,14504
72,29 May 2025,Agriculture Census 2024 Interim Report: Forestry & Logging,14513
72,28 May 2025,"Malaysia External Trade Indices,April 2025",14439
72,28 May 2025,Producer Price index April 2025,14433
72,27 May 2025,"Business Tendency Statistics, Second Quarter 2025",14420
72,26 May 2025,"Manufacturing Industry Capacity Utilisation Statistics, First Quarter 2025",14393
72,23 May 2025,"Labour Market Review (LMR), Q1 2025_Publication",14375
73,23 May 2025,"MALAYSIAN ECONOMIC INDICATORS LEADING, COINCIDENT & LAGGING INDEXES MARCH 2025",14359
73,22 May 2025,Labour Productivity First Quarter 2025,14354
73,22 May 2025,"Consumer Price Index Malaysia, April 2025",14346
73,20 May 2025,"Malaysia External Trade Statistics Publication, April 2025",14442
73,20 May 2025,"Malaysia External Trade Statistics, April 2025",14326
73,16 May 2025,Gross Domestic Product 2024,14265
73,16 May 2025,INTERNATIONAL INVESTMENT POSITION Q1 2025,14286
73,16 May 2025,Publication Gross Domestic Product First Quarter 2025,14288
73,16 May 2025,"Quarterly Balance of Payments, First Quarter 2025",14300
73,15 May 2025,"Employment Statistics, Q1 2025",14257
74,14 May 2025,MONTHLY RUBBER STATISTICS,14230
74,13 May 2025,Volume Index of Services Q1 2025,14210
74,13 May 2025,PUBLICATION QSS Q1 2025,14202
74,13 May 2025,Volume Index of Wholesale & Retail Trade First Quarter 2025 - Publication,14189
74,13 May 2025,"Publication Performance of Wholesale & Retail Trade, March 2025",14146
74,9 May 2025,Special Release 2 - For Building and Structural Works Sabah and Sarawak,14129
74,9 May 2025,Special Release 3 - For Mechanical and Electrical Works Malaysia,14133
74,9 May 2025,Special Release 2 - For Building and Structural Works,14121
74,9 May 2025,Special Release 1 - For Civil Engineering Works Sabah and Sarawak,14117
74,9 May 2025,Special Release 1 - For Civil Engineering Works Peninsular Malaysia,14113
75,9 May 2025,Special Release 2 - For Building and Structural Works,14121
75,9 May 2025,Special Release 1 - For Civil Engineering Works Sabah and Sarawak,14117
75,9 May 2025,Special Release 1 - For Civil Engineering Works Peninsular Malaysia,14113
75,8 May 2025,Publication of Industrial Production Index Mar 2025,14102
75,8 May 2025,"Monthly Manufacturing Statistics, March 2025",14093
75,8 May 2025,PUBLICATION SPPI Q1 2025,14079
75,30 April 2025,"Monthly Statistical Bulletin Malaysia, February 2025",14070
75,30 April 2025,ECONOMIC CENSUS 2023 – WOMEN-OWNED STATISTICS,14069
75,30 April 2025,"Malaysian Economic Statistics Review (MESR), Volume 4/2025",14072
75,29 April 2025,Analysis of Annual Consumer Price Index 2024,14028
76,29 April 2025,Analysis of Annual Consumer Price Index 2024,14028
76,28 April 2025,"Malaysia External Trade Indices, March 2024",14002
76,28 April 2025,Producer Price index March 2025,14000
76,25 April 2025,"MALAYSIAN ECONOMIC INDICATORS LEADING, COINCIDENT & LAGGING INDEXES FEBRUARY 2025",13970
76,24 April 2025,ICT Use and Access by Individuals and Households (ICTHS) Survey Report 2024,13958
76,23 April 2025,"Consumer Price Index Malaysia, March 2025",13927
76,18 April 2025,"Malaysia External Trade Statistics, March 2025",13909
76,18 April 2025,Publication Advance GDP Estimates First Quarter 2025,13908
76,18 April 2025,"Malaysia External Trade Statistics Publication, March 2025",14013
76,14 April 2025,MONTHLY RUBBER STATISTICS,13883
77,11 April 2025,"Index of Industrial Production, Malaysia",13872
77,11 April 2025,"Labour Force Statistics, February 2025",13852
77,11 April 2025,"Monthly Manufacturing Statistics, February 2025",13840
77,11 April 2025,"Publication Performance of Wholesale & Retail Trade, January 2025",13830
77,10 April 2025,Special Release 2 - For Building and Structural Works,13816
77,10 April 2025,Special Release 1 - For Civil Engineering Works Peninsular Malaysia,13800
77,10 April 2025,Special Release 1 - For Civil Engineering Works Sabah and Sarawak,13804
77,10 April 2025,Special Release 3 - For Mechanical and Electrical Works Malaysia,13812
77,10 April 2025,Special Release 2 - For Building and Structural Works Sabah and Sarawak,13808
77,28 March 2025,"Malaysia External Trade Indices, February 2025",13787
78,27 March 2025,"Malaysian Economic Statistics Review (MESR), Volume 3/2025",13795
78,27 March 2025,"Monthly Statistical Bulletin Malaysia, January 2025",13765
78,27 March 2025,"Producer Price Index – Local Production, February 2025",13761
78,25 March 2025,"MALAYSIAN ECONOMIC INDICATORS LEADING, COINCIDENT & LAGGING INDEXES JANUARY 2025",13733
78,24 March 2025,Bulletin DTS Q4 2024,13719
78,21 March 2025,"Consumer Price Index Malaysia, February 2025",13714
78,20 March 2025,Census of Oil & Gas Services and Equipment (OGSE),13696
78,20 March 2025,"Malaysia External Trade Statistics Publication, February 2025",13790
78,20 March 2025,"Malaysia External Trade Statistics, February 2025",13694
78,19 March 2025,"Special Report on Impact of Floods in Malaysia, 2024",13797
79,13 March 2025,MONTHLY RUBBER STATISTICS,13641
79,12 March 2025,"Index of Industrial Production, Malaysia",13626
79,12 March 2025,"Monthly Manufacturing Statistics, January 2025",13622
79,12 March 2025,"Publication Performance of Wholesale & Retail Trade, January 2025",13606
79,11 March 2025,Special Release 1 - For Civil Engineering Works Peninsular Malaysia,13562
79,11 March 2025,Special Release 1 - For Civil Engineering Works Sabah and Sarawak,13566
79,11 March 2025,Special Release 2 - For Building and Structural Works Sabah and Sarawak,13570
79,11 March 2025,Special Release 2 - For Building and Structural Works,13578
79,11 March 2025,"Labour Force Statistics, January 2025",13599
79,11 March 2025,Special Release 3 - For Mechanical and Electrical Works Malaysia,13574
80,4 March 2025,"Publication Mining of Petroleum and Natural Gas Statistics, Fourth Quarter 2024",13553
80,28 February 2025,"Malaysian Economic Statistics Review (MESR), Volume 2/2025",13546
80,28 February 2025,"Malaysia External Trade Indices, January 2025",13532
80,27 February 2025,Penerbitan,13504
80,27 February 2025,Producer Price index January 2025,13498
80,27 February 2025,"Monthly Statistical Bulletin Malaysia, December 2024",13512
80,25 February 2025,"MALAYSIAN ECONOMIC INDICATORS LEADING, COINCIDENT & LAGGING INDEXES DECEMBER 2024",13466
80,25 February 2025,"Manufacturing Industry Capacity Utilisation Statistics, Fourth Quarter 2024",13486
80,21 February 2025,"Labour Market Review, Q4 2024",13448
80,21 February 2025,"Consumer Price Index Malaysia, January 2025",13435
81,20 February 2025,"Malaysia External Trade Statistics, January 2025",13417
81,20 February 2025,Labour Productivity Fourth Quarter 2024,13415
81,20 February 2025,"Malaysia External Trade Statistics Publication, Jan 2025",13539
81,14 February 2025,International Investment Position Q4 2024,13379
81,14 February 2025,"Quarterly Balance of Payments, Fourth Quarter 2024",13376
81,14 February 2025,Publication Gross Domestic Product Fourth Quarter 2024,13373
81,13 February 2025,"Employment Statistics, Q4 2024",13358
81,13 February 2025,MONTHLY RUBBER STATISTICS,13342
81,12 February 2025,Volume Index of Services Fourth Quarter 2024,13399
81,12 February 2025,Volume Index of Wholesale & Retail Trade Fourth Quarter 2024 - Publication,13274
82,12 February 2025,"Publication Performance of Wholesale & Retail Trade, December 2024",13287
82,12 February 2025,Volume Index of Wholesale & Retail Trade Fourth Quarter 2024 - Publication,13274
82,10 February 2025,"Labour Force Statistics, December 2024",13249
82,10 February 2025,"Principal Statistics of Labour Force, Malaysia, Fourth Quarter 2024",13257
82,10 February 2025,Construction Statistics Fourth Quarter 2024,13266
82,7 February 2025,Special Release 1 - For Civil Engineering Works Peninsular Malaysia,13187
82,7 February 2025,Special Release 1 - For Civil Engineering Works Sabah and Sarawak,13191
82,7 February 2025,Special Release 2 - For Building and Structural Works Sabah and Sarawak,13195
82,7 February 2025,Special Release 3 - For Mechanical and Electrical Works Malaysia,13199
82,7 February 2025,"Monthly Manufacturing Statistics, December 2024",13218
83,7 February 2025,Special Release 1 - For Civil Engineering Works Sabah and Sarawak,13191
83,7 February 2025,Special Release 1 - For Civil Engineering Works Peninsular Malaysia,13187
83,6 February 2025,PUBLICATION SPPI Q4 2024,13176
83,28 January 2025,"Malaysia External Trade Indices, December 2024",13163
83,28 January 2025,Producer Price index December 2024,13113
83,27 January 2025,"Employee Wages Statistics (Formal Sector), Third Quarter 2024",13133
83,27 January 2025,"Monthly Statistical Bulletin Malaysia, November 2024",13126
83,27 January 2025,"Malaysian Economic Statistics Review (MESR), Volume 1/2025",13139
83,24 January 2025,"MALAYSIAN ECONOMIC INDICATORS LEADING, COINCIDENT & LAGGING INDEXES NOVEMBER 2024",13093
83,22 January 2025,"Consumer Price Index Malaysia, December 2024",13089
84,20 January 2025,"Malaysia External Trade Statistics Publication, December 2024",13162
84,20 January 2025,"Malaysia External Trade Statistics, December 2024",13065
84,17 January 2025,Advance Gross Domestic Product (GDP) Estimates Fourth Quarter 2024,13054
84,14 January 2025,MONTHLY RUBBER STATISTICS,13047
84,13 January 2025,"Publication Performance of Wholesale & Retail Trade, November 2024",13033
84,10 January 2025,"Monthly Manufacturing Statistics, November 2024",13003
84,10 January 2025,"Labour Force Statistics, November 2024",12991
84,10 January 2025,Index of Industrial Production,13022
84,9 January 2025,Special Release 2 - For Building and Structural Works,12972
84,9 January 2025,Special Release 1 - For Civil Engineering Works Sabah and Sarawak,12968
85,9 January 2025,Special Release 2 - For Building and Structural Works,12972
85,9 January 2025,Special Release 1 - For Civil Engineering Works Sabah and Sarawak,12968
85,9 January 2025,Special Release 1 - For Civil Engineering Works Peninsular Malaysia,12963
85,30 December 2024,"Monthly Statistical Bulletin Malaysia, October 2024",12960
85,27 December 2024,"Malaysia External Trade Indices, November 2024",12946
85,24 December 2024,Bumiputera Statistics 2024 Publications,12909
85,24 December 2024,Producer Price index November 2024,12880
85,24 December 2024,"Graduates Statistics, 2023",12897
85,24 December 2024,"Malaysian Economic Statistics Review (MESR), Volume 12/2024",12932
85,20 December 2024,"Consumer Price Index Malaysia, November 2024",12842
86,20 December 2024,"MALAYSIAN ECONOMIC INDICATORS LEADING, COINCIDENT & LAGGING INDEXES OCTOBER 2024",12817
86,19 December 2024,"Statistics Yearbook, Sabah, 2023",12809
86,19 December 2024,BULLETIN DTS Q3 2024,12787
86,19 December 2024,"Statistics Yearbook, Sarawak, 2023",12791
86,19 December 2024,Malaysia Digital Economy 2024 (Publication),12813
86,18 December 2024,Regional Tourism Satellite Account Sabah 2023,12718
86,18 December 2024,"Malaysia External Trade Statistics, November 2024",12768
86,18 December 2024,"Stats Alert Statistics on Women Empowerment in Selected Domains, Malaysia, 2024",12783
86,18 December 2024,"Malaysia External Trade Statistics Publication, November 2024",12957
86,12 December 2024,MONTHLY RUBBER STATISTICS OCTOBER 2024,12684
87,12 December 2024,MONTHLY RUBBER STATISTICS OCTOBER 2024,12684
87,11 December 2024,Malaysia Human Development Index 2023,12621
87,11 December 2024,"Publication Performance of Wholesale & Retail Trade, October 2024",12634
87,10 December 2024,Special Release 3 - For Mechanical and Electrical Works Malaysia,12555
87,10 December 2024,Special Release 2 - For Building and Structural Works Sabah and Sarawak,12559
87,10 December 2024,Special Release 1 - For Civil Engineering Works Sabah and Sarawak,12563
87,10 December 2024,Special Release 1 - For Civil Engineering Works Peninsular Malaysia,12567
87,10 December 2024,"Monthly Manufacturing Statistics, October 2024",12582
87,10 December 2024,Salaries and Wages Survey Report 2023,12615
87,10 December 2024,"Index of Industrial Production, Malaysia",12595
88,10 December 2024,Special Release 3 - For Mechanical and Electrical Works Malaysia,12555
88,9 December 2024,"LABOUR FORCE MALAYSIA, OCTOBER 2024",12550
88,5 December 2024,Sustainable Development Goals (SDG) Indicators Malaysia 2023_Peace and Partnership,12521
88,5 December 2024,Sustainable Development Goals (SDG) Indicators Pahang 2023,12528
88,5 December 2024,Sustainable Development Goals (SDG) Indicators Melaka 2023,12526
88,5 December 2024,Sustainable Development Goals (SDG) Indicators Kelantan 2023,12524
88,5 December 2024,Sustainable Development Goals (SDG) Indicators Kedah 2023,12523
88,5 December 2024,Sustainable Development Goals (SDG) Indicators Johor 2023,12522
88,5 December 2024,Sustainable Development Goals (SDG) Indicators Malaysia 2023_Prosperity,12519
88,5 December 2024,Sustainable Development Goals (SDG) Indicators Malaysia 2023_Executive Summary,12517
89,5 December 2024,Sustainable Development Goals (SDG) Indicators Kelantan 2023,12524
89,5 December 2024,Sustainable Development Goals (SDG) Indicators Melaka 2023,12526
89,5 December 2024,Sustainable Development Goals (SDG) Indicators Pahang 2023,12528
89,5 December 2024,Sustainable Development Goals (SDG) Indicators Pulau Pinang 2023,12529
89,5 December 2024,Sustainable Development Goals (SDG) Indicators W.P Putrajaya 2023,12539
89,5 December 2024,Sustainable Development Goals (SDG) Indicators W.P. Labuan 2023,12538
89,5 December 2024,Sustainable Development Goals (SDG) Indicators W.P Kuala Lumpur 2023,12537
89,5 December 2024,Sustainable Development Goals (SDG) Indicators Sarawak 2023,12536
89,5 December 2024,Sustainable Development Goals (SDG) Indicators Sabah 2023,12535
89,5 December 2024,Sustainable Development Goals (SDG) Indicators Selangor 2023,12532
90,5 December 2024,Sustainable Development Goals (SDG) Indicators Perlis 2023,12531
90,5 December 2024,Sustainable Development Goals (SDG) Indicators Perak 2023,12530
90,5 December 2024,Sustainable Development Goals (SDG) Indicators Terengganu 2023,12533
90,4 December 2024,IKRM 2023 Peringkat Negeri,12490
90,4 December 2024,"Indeks Kesejahteraan Rakyat Malaysia, 2023",12487
90,3 December 2024,"Publication of Mining of Petroleum and Natural Gas Statistics, Third Quarter 2024",12471
90,29 November 2024,"Malaysian Economic Statistics Review (MESR), Volume 11 2024",12464
90,29 November 2024,PUBLICATION ECONOMIC CENSUS 2023 ICTEC,12453
90,28 November 2024,"Malaysia External Trade Indices, October 2024",12416
90,28 November 2024,National Economic Accounts of Malaysia 2022 (Publication),12424
91,28 November 2024,"Malaysia External Trade Indices, October 2024",12416
91,27 November 2024,Producer Price index October 2024,12364
91,27 November 2024,"Monthly Statistical Bulletin Malaysia, September 2024",12386
91,27 November 2024,Statistics of Foreign Owned Establishment (INWARD FATS),12383
91,27 November 2024,Outward FATS 2022,12381
91,26 November 2024,Publication,12359
91,25 November 2024,"MALAYSIAN ECONOMIC INDICATORS LEADING, COINCIDENT & LAGGING INDEXES SEPTEMBER 2024",12324
91,22 November 2024,"Consumer Price Index Malaysia, October 2024",12442
91,22 November 2024,MY LOCAL STATS 2023,12296
91,21 November 2024,"Labour Market Review, Q3 2024",12206
92,21 November 2024,MARRIAGES AND DIVORCES STATISTICS MALAYSIA 2024,12193
92,20 November 2024,Labour Productivity Third Quarter 2024,12155
92,20 November 2024,Labour Productivity Third Quarter 2024,12154
92,20 November 2024,"Manufacturing Industry Capacity Utilisation Statistics, Third Quarter 2024",12148
92,19 November 2024,"Malaysia External Trade Statistics, October 2024",12429
92,19 November 2024,"Malaysia External Trade Statistics, October 2024",12114
92,15 November 2024,Kedudukan Pelaburan Antarabangsa ST3 2024,12067
92,15 November 2024,Publication Gross Domestic Product Third Quarter 2024,12061
92,15 November 2024,"Quarterly Balance of Payments, Third Quarter 2024",12070
92,14 November 2024,"Employment Statistics, Q3 2024",12042
93,12 November 2024,"Monthly Rubber Statistics, September 2024",12015
93,12 November 2024,Special Release 2 - For Building and Structural Works,11983
93,12 November 2024,Special Release 3 - For Mechanical and Electrical Works Malaysia,11979
93,12 November 2024,Special Release 2 - For Building and Structural Works Sabah and Sarawak,11975
93,12 November 2024,Special Release 1 - For Civil Engineering Works Sabah and Sarawak,11971
93,12 November 2024,Special Release 1 - For Civil Engineering Works Peninsular Malaysia,11965
93,11 November 2024,Construction Statistics Third Quarter 2024,11994
93,8 November 2024,"Monthly Manufacturing Statistics, September 2024",11935
93,8 November 2024,"LABOUR FORCE MALAYSIA, SEPTEMBER 2024",11947
93,8 November 2024,"Principal Statistics of Labour Force, Malaysia, Third Quarter 2024",11963
94,8 November 2024,Index of Industrial Production September 2024,11952
94,7 November 2024,Publication QSS Q3 2024,11895
94,7 November 2024,Volume Index of Wholesale & Retail Trade Third Quarter 2024 - Publication,11891
94,7 November 2024,Quarterly Volume Indek of Services Q3 2024,11889
94,7 November 2024,"Publication Performance of Wholesale & Retail Trade, September 2024",11879
94,6 November 2024,PENERBITAN SPPI Q3 2024,11847
94,2 November 2024,"Gross Domestic Product by Administrative District, 2015-2020",11782
94,2 November 2024,Publication of Cost of Living Indicators 2023,11788
94,1 November 2024,"CHILDREN STATISTICS, MALAYSIA, 2024",11837
94,29 October 2024,Economic Census 2023 Establishment Statistics,11712
95,29 October 2024,Economic Census 2023 Establishment Statistics,11712
95,29 October 2024,"Monthly Statistical Bulletin Malaysia, August 2024",11721
95,29 October 2024,"Malaysian Economic Statistics Review (MESR), Volume 10 2024",11766
95,29 October 2024,"STATISTICS ON CAUSES OF DEATH, MALAYSIA, 2024",11729
95,28 October 2024,"Malaysia External Trade Indices, September 2024",11699
95,28 October 2024,BUSINESS DEMOGRAPHY 2022,11678
95,28 October 2024,Producer Price index September 2024,11673
95,25 October 2024,"Employee Wages Statistics (Formal Sector) Report, Second Quarter 2024",11672
95,25 October 2024,"MALAYSIAN ECONOMIC INDICATORS LEADING, COINCIDENT & LAGGING INDEXES AUGUST 2024",11658
95,24 October 2024,"Consumer Price Index Malaysia, September 2024",11633
96,21 October 2024,Publication Advance GDP Estimates Third Quarter 2024,11616
96,18 October 2024,"Malaysia External Trade Statistics Publication, Sept 2024",11706
96,18 October 2024,"Malaysia External Trade Statistics, September 2024",11597
96,17 October 2024,"Publication Vital Statistics, Malaysia, 2024",11587
96,16 October 2024,"CRIME STATISTICS, MALAYSIA, 2024",11549
96,15 October 2024,Publication,11531
96,11 October 2024,"Monthly Manufacturing Statistics, August 2024",11503
96,11 October 2024,"Publication Performance of Wholesale & Retail Trade, August 2024",11493
96,11 October 2024,Index of Industrial Production August 2024,11515
96,10 October 2024,Special Release 2 - For Building and Structural Works,11458
97,10 October 2024,"LABOUR FORCE MALAYSIA, AUG 2024",11481
97,10 October 2024,"Monthly Rubber Statistics, August 2024",11472
97,10 October 2024,Special Release 2 - For Building and Structural Works,11458
97,10 October 2024,Special Release 3 - For Mechanical and Electrical Works Malaysia,11454
97,10 October 2024,Special Release 2 - For Building and Structural Works Sabah and Sarawak,11450
97,10 October 2024,Special Release 1 - For Civil Engineering Works Sabah and Sarawak,11446
97,3 October 2024,"Analysis of Annual Producer Price Index, 2023",11434
97,30 September 2024,"Publication Abridged Life Tables, Malaysia, 2022-2024",11535
97,30 September 2024,"Monthly Statistical Bulletin Malaysia, July 2024",11419
97,27 September 2024,"Malaysian Economic Statistics Review (MESR), Volume 9/2024",11417
98,27 September 2024,"Malaysia External Trade Indices, August 2024",11395
98,26 September 2024,"Supply and Utilization Accounts Selected Agricultural Commodities, Malaysia, 2019-2023",11398
98,26 September 2024,Producer Price index August 2024,11343
98,25 September 2024,Capital Stock Statistics 2023,11323
98,24 September 2024,"MALAYSIAN ECONOMIC INDICATORS LEADING, COINCIDENT & LAGGING INDEXES JULY 2024",11301
98,23 September 2024,"Consumer Price Index Malaysia, August 2024",11298
98,20 September 2024,Domestic Tourism Survey 2023 W.P. Putrajaya,11217
98,20 September 2024,Domestic Tourism Survey 2023 Melaka,11246
98,20 September 2024,Domestic Tourism Survey 2023 Perlis,11248
98,20 September 2024,Domestic Tourism Survey 2023 Pahang,11249
99,20 September 2024,Domestic Tourism Survey 2023 W.P. Kuala Lumpur,11215
99,20 September 2024,Domestic Tourism Survey 2023 W.P. Labuan,11216
99,20 September 2024,Domestic Tourism Survey 2023 W.P. Putrajaya,11217
99,20 September 2024,Domestic Tourism Survey 2023 Melaka,11246
99,20 September 2024,Domestic Tourism Survey 2023 Perlis,11248
99,20 September 2024,Domestic Tourism Survey 2023 Pahang,11249
99,20 September 2024,Domestic Tourism Survey 2023 Negeri Sembilan,11268
99,20 September 2024,Domestic Tourism Survey 2023 Perak,11253
99,20 September 2024,Domestic Tourism Survey 2023 Kelantan,11258
99,20 September 2024,Domestic Tourism Survey 2023 Pulau Pinang,11269
100,20 September 2024,Domestic Tourism Survey 2023 Negeri Sembilan,11268
100,20 September 2024,Domestic Tourism Survey 2023 Pulau Pinang,11269
100,19 September 2024,"Malaysia External Trade Statistics, August 2024",11189
100,19 September 2024,"Malaysia External Trade Statistics Publication, August 2024",11400
100,19 September 2024,Economic Census 2023: Profile of Small and Medium Enterprises,11283
100,12 September 2024,Tourism Satellite Account 2023,11181
100,11 September 2024,"Monthly Rubber Statistics, July 2024",11169
100,11 September 2024,Special Release 1 - For Civil Engineering Works Peninsular Malaysia,11127
100,11 September 2024,Special Release 2 - For Building and Structural Works,11131
100,11 September 2024,Special Release 2 - For Building and Structural Works Sabah and Sarawak,11119
101,11 September 2024,Special Release 2 - For Building and Structural Works Sabah and Sarawak,11119
101,11 September 2024,Special Release 3 - For Mechanical and Electrical Works Malaysia,11115
101,10 September 2024,"Index of Industrial Production, Malaysia",11153
101,10 September 2024,"Monthly Manufacturing Statistics, July 2024",11150
101,9 September 2024,"Publication Performance of Wholesale & Retail Trade, July 2024",11096
101,9 September 2024,"LABOUR FORCE MALAYSIA, JULY 2024",11094
101,3 September 2024,"PUBLICATION : MINING OF PETROLEUM AND NATURAL GAS STATISTICS, Q2 2024",11075
101,30 August 2024,"Current Population Estimates, Administrative District, 2024 - Negeri Sembilan",11029
101,30 August 2024,"Current Population Estimates, Administrative District, 2024 - Pahang",11027
101,30 August 2024,"Current Population Estimates, Administrative District, 2024 - Selangor",11030
102,30 August 2024,"Current Population Estimates, Administrative District, 2024 - Pahang",11027
102,30 August 2024,"Current Population Estimates, Administrative District, 2024 - Kedah",11028
102,30 August 2024,"Current Population Estimates, Administrative District, 2024 - Negeri Sembilan",11029
102,30 August 2024,"Current Population Estimates, Administrative District, 2024 - Selangor",11030
102,30 August 2024,"Current Population Estimates, Administrative District, 2024 - Kelantan",11033
102,30 August 2024,"Current Population Estimates, Administrative District, 2024 - Terengganu",11044
102,30 August 2024,"Current Population Estimates, Administrative District, 2024 - Johor",11017
102,30 August 2024,"Malaysian Economic Statistics Review (MESR), Volume 8 2024",11064
102,30 August 2024,"Monthly Statistical Bulletin Malaysia, June 2024",11052
102,30 August 2024,"Current Population Estimates, Administrative District, 2024 - Melaka",11040
103,30 August 2024,"Current Population Estimates, Administrative District, 2024 - Johor",11017
103,29 August 2024,"Statistical Handbook Malaysia, 2023",11438
103,28 August 2024,"Malaysia External Trade Indices, July 2024",10992
103,28 August 2024,Producer Price index July 2024,10910
103,27 August 2024,Publication BTS Q3 2024,10879
103,23 August 2024,"MALAYSIAN ECONOMIC INDICATORS LEADING, COINCIDENT & LAGGING INDEXES JUNE 2024",10852
103,23 August 2024,"Labour Market Review, Q2 2024",10836
103,22 August 2024,"Consumer Price Index Malaysia, July 2024",10820
103,22 August 2024,Labour Productivity Second Quarter 2024,10833
103,21 August 2024,"MANUFACTUTING INDUSTRY CAPACITY UTILISATION STATISTICS, SECOND QUARTER 2024",10807
104,20 August 2024,Economic Census 2023 - Wholesale & Retail Trade,10793
104,20 August 2024,Publication Economic Census 2023 Personal Services and Other Activities,10783
104,19 August 2024,"Malaysia External Trade Statistics Publication, July 2024",10995
104,19 August 2024,"Malaysia External Trade Statistics, July 2024",10765
104,16 August 2024,"Quarterly Balance of Payments, Second Quarter 2024",10744
104,16 August 2024,International Investment Position Q2 2024,10732
104,16 August 2024,Publication GDP Q2 2024,10724
104,15 August 2024,Publication Economic Census 2023 Professional Services,10696
104,15 August 2024,PUBLICATION ECONOMIC CENSUS 2023 TRANSPORTATION AND STORAGE SERVICES,10705
104,15 August 2024,Publication Economic Census 2023 Administrative and Support Services,10707
105,14 August 2024,"Employment Statistics, Second Quarter 2024",10682
105,13 August 2024,"Publication Economic Census 2023, Private Education Services",10661
105,13 August 2024,Economic Census 2023 Real Estate Services,10645
105,13 August 2024,Publication Economic Cencus 2023 Accommodation Services,10623
105,12 August 2024,Construction Statistics Second Quarter 2024,10585
105,12 August 2024,Special Release 3 - For Mechanical and Electrical Works Malaysia,10547
105,12 August 2024,Special Release 2 - For Building and Structural Works Sabah and Sarawak,10552
105,12 August 2024,Special Release 1 - For Civil Engineering Works Sabah and Sarawak,10557
105,12 August 2024,Special Release 2 - For Building and Structural Works,10564
105,12 August 2024,"Monthly Rubber Statistics, June 2024",10565
106,12 August 2024,Special Release 3 - For Mechanical and Electrical Works Malaysia,10547
106,9 August 2024,"Monthly Manufacturing Statistics, June 2024",10529
106,9 August 2024,"LABOUR FORCE MALAYSIA, JUNE 2024",10495
106,9 August 2024,"Principal Statistics of Labour Force, Malaysia, Second Quarter 2024",10510
106,9 August 2024,"Index of Industrial Production, Malaysia",10539
106,8 August 2024,Volume Index of Wholesale & Retail Trade Second Quarter 2024 - Publication,10459
106,8 August 2024,"Publication Performance of Wholesale & Retail Trade, June 2024",10457
106,8 August 2024,Quarterly Volume Indek of Services Q2 2024,10478
106,8 August 2024,Publication QSS Q2 2024,10491
106,7 August 2024,"Economic Census 2023 Electricity, gas, steam and air conditioning supply",10443
107,6 August 2024,PUBLICATION SPPI ST2 2024,10427
107,5 August 2024,"PUBLICATION BE2023_WATER SUPPLY -SEWERAGE, WASTE MANAGEMENT AND REMEDIATION ACTIVITIES",10406
107,5 August 2024,"Economic Census 2023 : Arts, Entertainment and Recreation Services",10400
107,5 August 2024,Publication of Food and Beverage Services,10420
107,2 August 2024,State Socioeconomic Report Perak 2023,10344
107,2 August 2024,State Socioeconomic Report Melaka 2023,10340
107,2 August 2024,State Socioeconomic Report Pulau Pinang 2023,10343
107,2 August 2024,State Socioeconomic Report Pahang 2023,10342
107,2 August 2024,State Socioeconomic Report Kedah 2023,10337
107,2 August 2024,State Socioeconomic Report Johor 2023,10336
108,2 August 2024,State Socioeconomic Report Pulau Pinang 2023,10343
108,2 August 2024,State Socioeconomic Report Perak 2023,10344
108,2 August 2024,State Socioeconomic Report W.P. Labuan 2023,10351
108,2 August 2024,State Socioeconomic Report Perlis 2023,10345
108,2 August 2024,State Socioeconomic Report  W.P. Kuala Lumpur 2023,10350
108,2 August 2024,State Socioeconomic Report Sarawak 2023,10349
108,2 August 2024,State Socioeconomic Report Terengganu 2023,10347
108,2 August 2024,State Socioeconomic Report Sabah 2023,10348
108,2 August 2024,State Socioeconomic Report Selangor 2023,10346
108,1 August 2024,Economic Census 2023: Information and Communication Services Sector,10330
109,1 August 2024,Economic Census 2023: Information and Communication Services Sector,10330
109,1 August 2024,PUBLICATION BE 2023 PRIVATE HEALTH and SOCIAL WORK SERVICES,10323
109,31 July 2024,"Current Population Estimates, Malaysia, 2024",9889
109,31 July 2024,"Malaysian Economic Statistics Review (MESR), Volume 7/2024",10281
109,31 July 2024,"Monthly Statistical Bulletin Malaysia, May 2024",10264
109,30 July 2024,"LABOUR FORCE SURVEY, MALAYSIA 2023",10246
109,30 July 2024,"External Trade Statistics, Sarawak, 2023",10234
109,30 July 2024,"Malaysia External Trade Statistics, 2023",10292
109,30 July 2024,"Publication_External Trade Statistics, Sabah, 2023",10238
109,29 July 2024,Producer Price index June 2024,10057
110,29 July 2024,Producer Price index June 2024,10057
110,29 July 2024,PUBLICATION OF MINING AND QUARRYING SECTOR ECONOMIC CENSUS 2023,10099
110,29 July 2024,Economic Census 2023 Construction-Publication,10124
110,29 July 2024,PUBLICATION ECONOMIC CENSUS 2023 AGRICULTURE,10165
110,29 July 2024,Penerbitan BE2023 Sektor Perkhidmatan,10173
110,29 July 2024,Economic Census 2023 Manufacturing-Publication,10114
110,26 July 2024,"Malaysia External Trade Indices, June 2024",10030
110,26 July 2024,"Publication Micro, Small & Medium Enterprises (MSMEs) Performance 2023",10035
110,26 July 2024,Employee Wages Statistics (Formal Sector) First Quarter 2024,10048
110,25 July 2024,"MALAYSIAN ECONOMIC INDICATORS LEADING, COINCIDENT & LAGGING INDEXES MAY 2024",9976
111,25 July 2024,Gross Domestic Product Income Approach 2023,9988
111,24 July 2024,"Consumer Price Index Malaysia, June 2024",9970
111,24 July 2024,GFCF Publication 2023,9953
111,19 July 2024,Publication Advance GDP Estimates Second Quarter 2024,9920
111,18 July 2024,"Malaysia External Trade Statistics Publication, June 2023",10053
111,18 July 2024,"Malaysia External Trade Statistics, June 2024",9906
111,12 July 2024,"MONTHLY MANUFACTURING STATISTICS, MAY 2024",9876
111,12 July 2024,"Monthly Rubber Statistics, May 2024",9858
111,12 July 2024,Index of Industrial Production,9880
111,11 July 2024,Special Release 2 - For Building and Structural Works Sabah and Sarawak,9820
112,11 July 2024,Special Release 1 - For Civil Engineering Works Peninsular Malaysia,9812
112,11 July 2024,Special Release 1 - For Civil Engineering Works Sabah and Sarawak,9816
112,11 July 2024,Special Release 2 - For Building and Structural Works Sabah and Sarawak,9820
112,11 July 2024,Special Release 2 - For Building and Structural Works,9826
112,11 July 2024,"Publication Performance of Wholesale & Retail Trade, May 2024",9841
112,10 July 2024,"LABOUR FORCE MALAYSIA, MAY 2024",9808
112,28 June 2024,"Malaysian Economic Statistics Review (MESR), Volume 6/2024",9786
112,28 June 2024,"Malaysia External Trade Indices, May 2024",9764
112,27 June 2024,Producer Price Index Malaysia May 2024,9748
112,26 June 2024,DIA 2023_Publication,9709
113,26 June 2024,FDI 2023 _ Publication,9713
113,26 June 2024,DIA 2023_Publication,9709
113,25 June 2024,"Monthly Statistical Bulletin Malaysia, April 2024",9698
113,25 June 2024,"MALAYSIAN ECONOMIC INDICATORS LEADING, COINCIDENT & LAGGING INDEXES APRIL 2024",9673
113,25 June 2024,"Consumer Price Index Malaysia, May 2024",9688
113,20 June 2024,"Malaysia External Trade Statistics Publication, May 2024",9776
113,20 June 2024,"Malaysia External Trade Statistics, May 2024",9661
113,12 June 2024,Publication of DTS 2023,9654
113,12 June 2024,BULLETIN OF MALAYSIA'S DOMESTIC TOURISM SURVEY FOR FIRST QUARTER 2024,9622
113,11 June 2024,Special Release 2 - For Building and Structural Works,9576
114,11 June 2024,"Monthly Rubber Statistics, April 2024",9572
114,11 June 2024,Special Release 2 - For Building and Structural Works,9576
114,11 June 2024,Special Release 2 - For Building and Structural Works Sabah and Sarawak,9587
114,11 June 2024,Special Release 1 - For Civil Engineering Works Sabah and Sarawak,9591
114,11 June 2024,Special Release 1 - For Civil Engineering Works Peninsular Malaysia,9595
114,11 June 2024,"Publication Performance of Wholesale & Retail Trade, April 2024",9606
114,10 June 2024,Index of Industrial Production Malaysia,9567
114,10 June 2024,"LABOUR FORCE MALAYSIA, APRIL 2024",9543
114,10 June 2024,"Monthly Manufacturing Statistics, April 2024",9551
114,4 June 2024,"MINING OF PETROLEUM AND NATURAL GAS STATISTICS, Q1 2024",9527
115,31 May 2024,"Malaysian Economic Statistics Review (MESR), Volume 5/2024",9526
115,31 May 2024,"Employees Wages Statistics (Formal Sector) Report, Fourth Quarter 2023",9524
115,31 May 2024,Preliminary Report Sport Satellite Account 2022,9492
115,30 May 2024,Publication,9493
115,29 May 2024,"Monthly Statistical Bulletin Malaysia, March 2024",9474
115,28 May 2024,"External Trade Indices, April 2024",9468
115,28 May 2024,Producer Price Index Malaysia April 2024,9452
115,24 May 2024,"Consumer Price Index Malaysia, April 2024",9437
115,24 May 2024,"Labour Market Review (LMR), Q1 2024",9421
115,24 May 2024,"MALAYSIAN ECONOMIC INDICATORS  LEADING, COINCIDENT & LAGGING INDEXES MARCH 2024",9386
116,23 May 2024,"Labour Productivity, First Quarter 2024",9395
116,21 May 2024,Publication Social Accounting Matrix 2019,9371
116,21 May 2024,"Manufacturing Industry Capacity Utilisation Statistics, First Quarter 2024",9363
116,20 May 2024,"Malaysia External Trade Statistics, April 2024",9449
116,20 May 2024,"Malaysia External Trade Statistics Bulletin, April 2024",9328
116,17 May 2024,"Quarterly Balance of Payments, First Quarter 2024",9319
116,17 May 2024,Gross Domestic Product 2023,9267
116,17 May 2024,Publication GDP First Quarter 2024,9280
116,17 May 2024,IIP 1Q2024,9299
116,16 May 2024,Analysis of Annual Consumer Price Index,9259
117,15 May 2024,"Employment Statistics, Q1 2024",9250
117,13 May 2024,"Construction Statistics, First Quarter 2024",9226
117,13 May 2024,"Monthly Rubber Statistics, March 2024",9199
117,10 May 2024,"Labour Force Survey Report, Malaysia, First Quarter 2024",9192
117,10 May 2024,"LABOUR FORCE MALAYSIA, MARCH 2024",9174
117,10 May 2024,"Monthly Manufacturing Statistics, March 2024",9184
117,10 May 2024,Index of Industrial Production Malaysia,9187
117,9 May 2024,Publication - Volume Index of Wholesale & Retail Trade First Quarter 2024,9093
117,9 May 2024,"Publication for Performance of Wholesale & Retail Trade, March 2024",9103
117,9 May 2024,Publication QSS Q12024,9130
118,9 May 2024,Publication - Volume Index of Wholesale & Retail Trade First Quarter 2024,9093
118,8 May 2024,SERVICES PRODUCER PRICE INDEX Q4 2024,9074
118,8 May 2024,Special Release 2 - For Building and Structural Works,9050
118,8 May 2024,Special Release 2 - For Building and Structural Works Sabah and Sarawak,9056
118,8 May 2024,Special Release 1 - For Civil Engineering Works Sabah and Sarawak,9060
118,8 May 2024,Special Release 3 - For Mechanical and Electrical Works Malaysia,9068
118,8 May 2024,Special Release 1 - For Civil Engineering Works Peninsular Malaysia,9064
118,30 April 2024,"Monthly Statistical Bulletin Malaysia, February 2024",9040
118,30 April 2024,"Malaysian Economic Statistics Review (MESR), Volume 4/2024",9042
118,26 April 2024,"External Trade Indices, March 2024",9023
119,26 April 2024,Producer Price Index Malaysia March 2024,9007
119,25 April 2024,"Consumer Price Index Malaysia, March 2024",8987
119,25 April 2024,"MALAYSIAN ECONOMIC INDICATORS  LEADING, COINCIDENT & LAGGING INDEXES FEBRUARY 2024",9000
119,22 April 2024,ICTHS SURVEY REPORT 2023,8960
119,19 April 2024,"Malaysia External Trade Statistics Publication, March 2024",9011
119,19 April 2024,Publication Advance GDP Estimates First Quarter 2024,8913
119,19 April 2024,"Malaysia External Trade Statistics, March 2024",8925
119,8 April 2024,"Publication Performance of Wholesale & Retail Trade, February 2024",8861
119,8 April 2024,"LABOUR FORCE MALAYSIA, FEBRUARY 2024",8880
119,8 April 2024,"MONTHLY MANUFACTURING STATISTICS, FEBRUARY 2024",8912
120,8 April 2024,"Publication Performance of Wholesale & Retail Trade, February 2024",8861
120,5 April 2024,"Monthly Rubber Statistics, February 2024",8853
120,4 April 2024,Special Release 2 - For Building and Structural Works Sabah and Sarawak,8840
120,4 April 2024,Special Release 2 - For Building and Structural Works,8833
120,4 April 2024,Special Release 3 - For Mechanical and Electrical Works Malaysia,8835
120,4 April 2024,Special Release 1 - For Civil Engineering Works Sabah and Sarawak,8844
120,4 April 2024,Special Release 1 - For Civil Engineering Works Peninsular Malaysia,8848
120,29 March 2024,"Malaysian Economic Statistics Review (MESR), Volume 3/2024",8815
120,27 March 2024,Producer Price Index Malaysia February 2024,8773
120,27 March 2024,"External Trade Indices, February 2024",8799
121,26 March 2024,"Monthly Statistical Bulletin Malaysia, January 2024",8783
121,26 March 2024,BULLETIN OF DOMESTIC TOURISM SURVEY FOR FOURTH QUARTER 2023,8776
121,25 March 2024,"Consumer Price Index Malaysia, February 2024",8753
121,25 March 2024,"MALAYSIAN ECONOMIC INDICATORS  LEADING, COINCIDENT & LAGGING INDEXES JANUARY 2024",8758
121,20 March 2024,Malaysia Social Statistics Review 2023 Edition,8729
121,18 March 2024,"Malaysia External Trade Statistics Publication, Feb 2024",8806
121,18 March 2024,"Malaysia External Trade Statistics, February 2024",8709
121,15 March 2024,"Mining of Petroleum and Natural Gas Statistics, Q4 2023",8704
121,13 March 2024,"Publication Performance of Wholesale & Retail Trade, January 2024",8674
121,12 March 2024,"Monthly Rubber Statistics, January 2024",8630
122,12 March 2024,Index of Industrial Production Malaysia,8640
122,12 March 2024,"Monthly Rubber Statistics, January 2024",8630
122,11 March 2024,"Special Report on Impact of Floods in Malaysia, 2023_2/5",8619
122,11 March 2024,"Special Report on Impact of Floods in Malaysia, 2023_1/5",8618
122,11 March 2024,"Special Report on Impact of Floods in Malaysia, 2023_3/5",8620
122,11 March 2024,"Special Report on Impact of Floods in Malaysia, 2023_5/5",8622
122,11 March 2024,"Special Report on Impact of Floods in Malaysia, 2023_4/5",8621
122,8 March 2024,Special Release 2 - For Building and Structural Works,8581
122,8 March 2024,Special Release 1 - For Civil Engineering Works Sabah and Sarawak,8588
122,8 March 2024,Special Release 2 - For Building and Structural Works Sabah and Sarawak,8576
123,8 March 2024,Special Release 2 - For Building and Structural Works,8581
123,8 March 2024,Special Release 2 - For Building and Structural Works Sabah and Sarawak,8576
123,8 March 2024,Special Release 3 - For Mechanical and Electrical Works Malaysia,8572
123,29 February 2024,Monthly Statistical Bulletin Malaysia December 2023,8569
123,28 February 2024,"External Trade Indices, January 2024",8549
123,27 February 2024,Publication,8566
123,27 February 2024,Producer Price Index Malaysia January 2024,8502
123,26 February 2024,MyCensus 2020: Mukim/ Town/ Pekan,8514
123,23 February 2024,"Labour Market Review (LMR), Q4 2023",8488
123,23 February 2024,"MALAYSIAN ECONOMIC INDICATORS  LEADING, COINCIDENT & LAGGING INDEXES DECEMBER 2023",8455
124,23 February 2024,"MALAYSIAN ECONOMIC INDICATORS  LEADING, COINCIDENT & LAGGING INDEXES DECEMBER 2023",8455
124,22 February 2024,Labour Productivity Fourth Quarter 2023,8435
124,21 February 2024,"Manufacturing Industry Capacity Utilisation Statistics, Fourth Quarter 2023",8412
124,21 February 2024,"Person with Disability Statistics, Malaysia, 2022",8410
124,20 February 2024,"Malaysia External Trade Statistics Publication, Jan 2024",8555
124,20 February 2024,"Malaysia External Trade Statistics, January 2024",8356
124,16 February 2024,"Malaysia International Investment Position, Fourth Quarter 2023",8326
124,16 February 2024,Publication GDP Fourth Quarter 2023,8317
124,16 February 2024,"Quarterly Balance of Payments, Fourth Quarter 2023",8352
124,15 February 2024,"Employment Statistics, Q4 2023",8302
125,13 February 2024,Construction Statistics Fourth Quarter 2023,8268
125,13 February 2024,Special Release 3 - For Mechanical and Electrical Works Malaysia,8241
125,13 February 2024,Special Release 2 - For Building and Structural Works Sabah and Sarawak,8245
125,13 February 2024,Special Release 2 - For Building and Structural Works,8249
125,13 February 2024,Special Release 1 - For Civil Engineering Works Peninsular Malaysia,8257
125,13 February 2024,Special Release 1 - For Civil Engineering Works Sabah and Sarawak,8253
125,9 February 2024,"Monthly Rubber Statistics, December 2023",8207
125,9 February 2024,"LABOUR FORCE MALAYSIA, DECEMBER 2023",8200
125,9 February 2024,"Principal Statistics of Labour Force, Malaysia, Fourth Quarter 2023",8227
125,8 February 2024,VOLUME INDEX OF SERVICES (2015=100) FOURTH QUARTER 2023,8158
126,8 February 2024,VOLUME INDEX OF SERVICES (2015=100) FOURTH QUARTER 2023,8158
126,8 February 2024,"Quarterly Services Statistics, Q4 2023",8165
126,8 February 2024,Publication - Volume Index of Wholesale & Retail Trade Fourth Quarter 2023,8168
126,7 February 2024,Index of Industrial Production Malaysia,8150
126,7 February 2024,"Monthly Manufacturing Statistics, December 2023",8147
126,7 February 2024,SERVICES PRODUCER PRICE INDEX Q4 2023,8114
126,31 January 2024,"Malaysian Economic Statistics Review (MESR), Volume 1/2024",8110
126,31 January 2024,"Monthly Statistical Bulletin Malaysia, November 2023",8108
126,29 January 2024,PRODUCER PRICE INDEX MALAYSIA DICEMBER 2023,8094
126,26 January 2024,"External Trade Indices, December 2023",8052
127,24 January 2024,"Employee Wages Statistics (Formal Sector) Report, Third Quarter 2023",8021
127,24 January 2024,"MALAYSIAN ECONOMIC INDICATORS  LEADING, COINCIDENT & LAGGING INDEXES NOVEMBER 2023",8009
127,22 January 2024,"Consumer Price Index Malaysia, December 2023",7997
127,19 January 2024,"Malaysia External Trade Statistics Publication, December 2023",8066
127,19 January 2024,"Malaysia External Trade Statistics, December 2023",7973
127,19 January 2024,Publication Advance GDP Estimates Fourth Quarter 2023,7984
127,12 January 2024,Special Release 1 - For Civil Engineering Works Peninsular Malaysia,7920
127,12 January 2024,Special Release 3 - For Mechanical and Electrical Works Malaysia,7931
127,12 January 2024,Special Release 1 - For Civil Engineering Works Sabah and Sarawak,7927
127,12 January 2024,"Monthly Rubber Statistics, November 2023",7916
128,12 January 2024,Special Release 1 - For Civil Engineering Works Peninsular Malaysia,7920
128,12 January 2024,"Monthly Rubber Statistics, November 2023",7916
128,11 January 2024,"Monthly Manufacturing Statistics, November 2023",7907
128,11 January 2024,Index of Industrial Production Malaysia,7899
128,11 January 2024,"Publication Performance of Wholesale & Retail Trade, November 2023",7878
128,10 January 2024,"LABOUR FORCE STATISTICS, NOVEMBER 2023",7868
128,29 December 2023,"Monthly Statistical Bulletin Malaysia Publication, October 2023",7852
128,29 December 2023,"Malaysian Economic Statistics Review (MESR), Volume 12/2023",7949
128,28 December 2023,"External Trade Indices, November 2023",7835
128,27 December 2023,PRODUCER PRICE INDEX MALAYSIA NOVEMBER 2023,7817
129,22 December 2023,"Consumer Price Index Malaysia, November 2023",7802
129,22 December 2023,"MALAYSIAN ECONOMIC INDICATORS  LEADING, COINCIDENT & LAGGING INDEXES OCTOBER 2023",7805
129,21 December 2023,Regional Tourism Satellite Account (RTSA) Sabah 2022,7758
129,20 December 2023,"Statistics Yearbook, Sabah, 2022",7778
129,20 December 2023,"Statistics Yearbook, Sarawak, 2022",7776
129,19 December 2023,"Malaysia External Trade Statistics Publication, November 2023",7841
129,19 December 2023,BUMIPUTERA STATISTISTICS 2023,7725
129,19 December 2023,"Malaysia External Trade Statistics,November 2023",7738
129,19 December 2023,National Economic Accounts of Malaysia 2021,7747
129,19 December 2023,"BULLETIN MALAYSIA""S DOMESTIC TOURISM SURVEY THIRD QUARTER 2023",7752
130,15 December 2023,"Environment Statistics, Kedah, 2023",7692
130,15 December 2023,"Environment Statistics, Kelantan, 2023",7693
130,15 December 2023,"Environment Statistics, Melaka, 2023",7694
130,15 December 2023,"Environment Statistics, Negeri Sembilan, 2023",7695
130,15 December 2023,"Environment Statistics, Pahang, 2023",7696
130,15 December 2023,"Environment Statistics, Perak, 2023",7697
130,15 December 2023,"Environment Statistics, Perlis, 2023",7698
130,15 December 2023,"Environment Statistics, Pulau Pinang, 2023",7699
130,15 December 2023,"Environment Statistics, Sabah, 2023",7700
130,15 December 2023,Publication Mining of Petroleum and Natural Gas Q32023,7646
131,15 December 2023,"Environment Statistics, Perak, 2023",7697
131,15 December 2023,"Environment Statistics, Pahang, 2023",7696
131,15 December 2023,"Environment Statistics, Negeri Sembilan, 2023",7695
131,15 December 2023,"Environment Statistics, Melaka, 2023",7694
131,15 December 2023,"Environment Statistics, Kelantan, 2023",7693
131,15 December 2023,"Environment Statistics, Kedah, 2023",7692
131,14 December 2023,"Annual Economic Statistics, Employment and Salaries & Wages Statistics",7626
131,13 December 2023,"Statistics on Women Empowerment In Selected Domains, Malaysia",7872
131,11 December 2023,Index of Industrial Production Malaysia,7535
131,11 December 2023,Malaysia Human Development Index 2022,7532
132,11 December 2023,Index of Industrial Production Malaysia,7535
132,11 December 2023,"Monthly Manufacturing Statistics, October 2023",7555
132,8 December 2023,Special Release 1 - For Civil Engineering Works Sabah and Sarawak,7407
132,8 December 2023,"Monthly Rubber Statistics, October 2023",7479
132,8 December 2023,"LABOUR FORCE MALAYSIA, OCTOBER 2023",7487
132,8 December 2023,Special Release 1 - For Civil Engineering Works Peninsular Malaysia,7403
132,8 December 2023,Special Release 2 - For Building and Structural Works,7394
132,8 December 2023,Special Release 2 - For Building and Structural Works Sabah and Sarawak,7411
132,8 December 2023,Special Release 3 - For Mechanical and Electrical Works Malaysia,7415
132,7 December 2023,SDG Indicators Malaysia 2022 (Planet),7424
133,7 December 2023,"SDG Indicator Pahang, 2022",7449
133,7 December 2023,"SDG Indicator Negeri Sembilan, 2022",7448
133,7 December 2023,"SDG Indicator Melaka, 2022",7447
133,7 December 2023,"SDG Indicator Kelantan, 2022",7446
133,7 December 2023,"SDG Indicator Kedah, 2022",7445
133,7 December 2023,SDG Indicators Malaysia 2022 (Prosperity),7423
133,7 December 2023,SDG Indicators Malaysia 2022 (Executive Summary),7420
133,7 December 2023,SDG Indicators Malaysia 2022 (People),7422
133,7 December 2023,"SDG Indicator Johor, 2022",7444
133,7 December 2023,SDG Indicators Malaysia 2022 (Peace & Partnership),7425
134,7 December 2023,"SDG Indicator Perlis, 2022",7451
134,7 December 2023,"SDG Indicator Perak, 2022",7450
134,7 December 2023,"SDG Indicator W.P. Putrajaya, 2022",7460
134,7 December 2023,"SDG Indicator W.P. Labuan, 2022",7459
134,7 December 2023,"SDG Indicator W.P. Kuala Lumpur, 2022",7458
134,7 December 2023,"SDG Indicator Terengganu, 2022",7457
134,7 December 2023,"SDG Indicator Sabah, 2022",7453
134,7 December 2023,"SDG Indicator Selangor, 2022",7456
134,7 December 2023,"SDG Indicator Pulau Pinang, 2022",7452
134,7 December 2023,"SDG Indicator Sarawak, 2022",7455
135,1 December 2023,Malaysian Well-being Index 2022,7558
135,30 November 2023,"Monthly Statistical Bulletin Malaysia, September 2023",7562
135,30 November 2023,"Employee Wages Statistics (Formal Sector) Report, Second Quarter 2023",7708
135,30 November 2023,"Manufacturing Industry Capacity Utilisation Statistics, Third Quarter 2023",7353
135,30 November 2023,"Malaysian Economic Statistics Review (MESR), Volume 11/2023",7371
135,29 November 2023,Malaysia Digital Economy 2023 (Publication),7318
135,28 November 2023,PRODUCER PRICE INDEX MALAYSIA OCTOBER 2023,7247
135,28 November 2023,"External Trade Indices, October 2023",7233
135,27 November 2023,MY LOCAL STATS 2022,7169
135,24 November 2023,"Consumer Price Index Malaysia, October 2023",7118
136,24 November 2023,"Compendium of Environment Statistics (CES), Malaysia, 2023",7112
136,24 November 2023,"Consumer Price Index Malaysia, October 2023",7118
136,24 November 2023,"MALAYSIAN ECONOMIC INDICATORS  LEADING, COINCIDENT & LAGGING INDEXES SEPTEMBER 2023",7136
136,23 November 2023,MARRIAGE AND DIVORCE STATISTICS MALAYSIA 2023,7390
136,23 November 2023,"Labour Productivity, Third Quarter 2023",7099
136,23 November 2023,Business Tendency Statistics Q4 2023,7164
136,20 November 2023,Graduates Statistics 2022,6946
136,20 November 2023,"Malaysia External Trade Statistics, October 2023",6961
136,20 November 2023,"Malaysia External Trade Statistics Publication, October 2023",7252
136,17 November 2023,Publication GDP Third Quarter 2023,6917
137,17 November 2023,"Malaysia International Investment Position, Third Quarter 2023",6939
137,17 November 2023,"Quarterly Balance of Payments, Third Quarter 2023",6943
137,10 November 2023,"Employment Statistics, Q3 2023",7160
137,10 November 2023,Analysis of Annual Producer Price Index 2022,6878
137,9 November 2023,Publication QSS Q32023,6706
137,9 November 2023,"Publication Performance of Wholesale & Retail Trade, September 2023",6832
137,9 November 2023,Volume Index of Wholesale & Retail Trade Third Quarter 2023,6848
137,9 November 2023,VOLUME INDEX OF SERVICES (2015=100) THIRD QUARTER 2023,6865
137,9 November 2023,"Monthly Rubber Statistics, September 2023",6812
137,8 November 2023,"LABOUR FORCE MALAYSIA, SEPTEMBER 2022",6797
138,8 November 2023,Special Release 2 - For Building and Structural Works,6728
138,8 November 2023,Special Release 2 - For Building and Structural Works Sabah and Sarawak,6740
138,8 November 2023,Special Release 1 - For Civil Engineering Works Peninsular Malaysia,6749
138,8 November 2023,"Quarterly Principal Statistics of Labour Force, Malaysia",6792
138,8 November 2023,"LABOUR FORCE MALAYSIA, SEPTEMBER 2022",6797
138,8 November 2023,Construction Statistics Third Quarter 2023,6801
138,8 November 2023,Special Release 1 - For Civil Engineering Works Sabah and Sarawak,7132
138,7 November 2023,"Monthly Manufacturing Statistics, September 2023",6758
138,7 November 2023,Index of Industrial Production Malaysia,6768
138,7 November 2023,Index of Industrial Production Malaysia,6769
139,6 November 2023,SERVICES PRODUCER PRICE INDEX Q3 2023,6694
139,2 November 2023,"CRIME STATISTICS, MALAYSIA, 2023",6691
139,1 November 2023,"CHILDREN STATISTICS, MALAYSIA, 2023",6675
139,31 October 2023,BASIC AMENITIES SURVEY REPORT 2022,6826
139,31 October 2023,Malaysian Economic Statistics Review (MESR) Vol.10/2023,6655
139,31 October 2023,"Monthly Statistical Bulletin Malaysia, August 2023",6665
139,30 October 2023,"Statistics Yearbook, Malaysia, 2022",6677
139,30 October 2023,"STATISTICS ON CAUSES OF DEATH, MALAYSIA, 2023",6630
139,27 October 2023,"Selected Agricultural Indicators, 2023",6601
139,27 October 2023,"External Trade Indices, September 2023",6592
140,26 October 2023,PRODUCER PRICE INDEX MALAYSIA SEPTEMBER 2023,6566
140,25 October 2023,"MALAYSIAN ECONOMIC INDICATORS  LEADING, COINCIDENT & LAGGING INDEXES AUGUST 2023",6554
140,20 October 2023,"Indeks Harga Pengguna Malaysia, September 2023",6515
140,20 October 2023,Advance Gross Domestic Product (GDP) Estimates Third Quarter 2023,6534
140,19 October 2023,"Malaysia External Trade Statistics, September 2023",6481
140,19 October 2023,"Malaysia External Trade Statistics Publication, September 2023",6595
140,17 October 2023,"Vital Statistics, Malaysia, 2023",6475
140,13 October 2023,Publication: Information And Communication Technology Satellite Account 2022,6451
140,12 October 2023,"Publication Performance of Wholesale & Retail Trade, August 2023",6429
140,12 October 2023,Index of Industrial Production Malaysia,6407
141,12 October 2023,"Publication Performance of Wholesale & Retail Trade, August 2023",6429
141,11 October 2023,Special Release 3 - For Mechanical and Electrical Works Malaysia,6500
141,11 October 2023,Special Release 2 - For Building and Structural Works Sabah and Sarawak,6371
141,11 October 2023,Special Release 1 - For Civil Engineering Works Sabah and Sarawak,6373
141,11 October 2023,Special Release 1 - For Civil Engineering Works Peninsular Malaysia,6375
141,11 October 2023,Special Release 2 - For Building and Structural Works,6378
141,10 October 2023,"Monthly Rubber Statistics, August 2023",6360
141,10 October 2023,"LABOUR FORCE MALAYSIA, AUGUST 2023",6394
141,5 October 2023,Capital Stock Statistics 2022,6342
141,29 September 2023,"Monthly Statistical Bulletin Malaysia, July 2023",7559
142,27 September 2023,"External Trade Indices, August 2023",6305
142,27 September 2023,"Salaries & Wages Survey Report, Malaysia, 2022",6264
142,27 September 2023,Malaysian Economic Statistics Review (MESR) Vol.9/2023,6325
142,26 September 2023,PRODUCER PRICE INDEX MALAYSIA AUGUST 2023,6244
142,26 September 2023,"Penerbitan Jadual Hayat Ringkas, Malaysia, 2021-2023",6284
142,25 September 2023,"MALAYSIAN ECONOMIC INDICATORS  LEADING, COINCIDENT & LAGGING INDEXES JULY 2023",6249
142,22 September 2023,"Consumer Price Index Malaysia, August 2023",6177
142,22 September 2023,Publication Inward FATS 2021,6208
142,22 September 2023,Statistics on Malaysian Affiliates Abroad (Outward FATS) 2021,6348
142,21 September 2023,MyCensus 2020: Population well-being (Social Relations),6150
143,20 September 2023,Tourism Satellite Account 2022,6121
143,19 September 2023,"Malaysia External Trade Statistics Publication, August 2023",6315
143,19 September 2023,"Malaysia External Trade Statistics, August 2023",6112
143,15 September 2023,"Domestic Tourism Survey Selangor, 2022",6054
143,15 September 2023,"Domestic Tourism Survey Perlis, 2022",6052
143,15 September 2023,"Domestic Tourism Survey Perak, 2022",6051
143,15 September 2023,"Domestic Tourism Survey Pulau Pinang, 2022",6050
143,15 September 2023,"Domestic Tourism Survey Pahang, 2022",6049
143,15 September 2023,"Domestic Tourism Survey Kedah, 2022",6045
143,15 September 2023,"Domestic Tourism Survey Melaka, 2022",6047
144,15 September 2023,"Domestic Tourism Survey Pulau Pinang, 2022",6050
144,15 September 2023,"Domestic Tourism Survey Perak, 2022",6051
144,15 September 2023,"Domestic Tourism Survey Perlis, 2022",6052
144,15 September 2023,"Domestic Tourism Survey Selangor, 2022",6054
144,15 September 2023,"Domestic Tourism Survey W.P Labuan, 2022",6060
144,15 September 2023,"Domestic Tourism Survey Terengganu, 2022",6055
144,15 September 2023,"Mining of Petroleum and Natural Gas Statistics, Q2 2023",6075
144,15 September 2023,"Domestic Tourism Survey Sarawak, 2022",6057
144,15 September 2023,"Domestic Tourism Survey Sabah, 2022",6056
144,15 September 2023,"Domestic Tourism Survey W. P Kuala Lumpur, 2022",6058
145,11 September 2023,"Publication Performance of Wholesale & Retail Trade, July 2023",6001
145,11 September 2023,"MONTHLY MANUFACTURING STATISTICS,  JULY 2023",6021
145,11 September 2023,Industrial of Production Index,6029
145,8 September 2023,Special Release 1 - For Civil Engineering Works Sabah and Sarawak,5985
145,8 September 2023,"Monthly Rubber Statistics, July 2023",5989
145,8 September 2023,"LABOUR FORCE MALAYSIA, JULY 2023",5994
145,8 September 2023,Special Release 3 - For Mechanical and Electrical Works Malaysia,5981
145,8 September 2023,Special Release 2 - For Building and Structural Works,5973
145,8 September 2023,Special Release 2 - For Building and Structural Works Sabah and Sarawak,5979
145,8 September 2023,Special Release 1 - For Civil Engineering Works Peninsular Malaysia,5983
146,7 September 2023,"Supply And Utilization Accounts of Selected Agricultural Commodities, Malaysia, 2018-2022",5967
146,30 August 2023,Monthly Statistical Bulletin Malaysia June 2023,6327
146,30 August 2023,"Manufacturing Industry Capacity Utilisation Statistics, Second Quarter 2023",5944
146,30 August 2023,Malaysian Economic Statistics Review (MESR) Vol.8/2023,5950
146,29 August 2023,Current Population Estimates by Adminstrative District,6827
146,29 August 2023,Publication BTS Third Quarter 2023,5918
146,29 August 2023,Malaysia Statistical Handbook 2023,5928
146,28 August 2023,"External Trade Indices, July 2023",5803
146,28 August 2023,PRODUCER PRICE INDEX MALAYSIA JULY 2023,5795
146,25 August 2023,"Labour Market Review (LMR), Q2 2023",5776
147,25 August 2023,"Consumer Price Index Malaysia, July 2023",5741
147,25 August 2023,"MALAYSIAN ECONOMIC INDICATORS  LEADING, COINCIDENT & LAGGING INDEXES JUNE 2023",5762
147,24 August 2023,Labour Productivity First Quarter 2023,5722
147,18 August 2023,"Malaysia External Trade Statistics Publication, July 2023",5814
147,18 August 2023,Publication GDP Second Quarter 2023,5676
147,18 August 2023,"Malaysia International Investment Position, Second Quarter 2023",5681
147,18 August 2023,"Malaysia External Trade Statistics, July 2023",5704
147,18 August 2023,"Quarterly Balance of Payments, Second Quarter 2023",5622
147,17 August 2023,"Migration Survey Report, Malaysia, 2022",5653
147,14 August 2023,"Employment Statistics, Q2 2023",5634
148,10 August 2023,"LABOUR FORCE MALAYSIA, SECOND QUARTER 2023",5618
148,10 August 2023,"LABOUR FORCE MALAYSIA, JUNE 2023",5613
148,9 August 2023,VOLUME INDEX OF SERVICES SECOND QUARTER 2023,5594
148,9 August 2023,Publication QSS Q22023,5516
148,9 August 2023,Volume Index of Wholesale & Retail Trade Second Quarter 2023,5552
148,9 August 2023,"Publication Performance of Wholesale & Retail Trade, June 2023",5578
148,9 August 2023,Construction Statistics Second Quarter 2023,5627
148,8 August 2023,Special Release 2 - For Building and Structural Works,5442
148,8 August 2023,Special Release 3 - For Mechanical and Electrical Works Malaysia,5439
148,8 August 2023,Industrial Production Index June 2023,5497
149,8 August 2023,Special Release 2 - For Building and Structural Works,5442
149,8 August 2023,Special Release 3 - For Mechanical and Electrical Works Malaysia,5439
149,8 August 2023,Special Release 1 - For Civil Engineering Works Sabah and Sarawak,5434
149,8 August 2023,Special Release 2 - For Building and Structural Works Sabah and Sarawak,5437
149,8 August 2023,Special Release 1 - For Civil Engineering Works Peninsular Malaysia,5432
149,7 August 2023,State Socioeconomic Report Perak 2022,5450
149,7 August 2023,State Socioeconomic Report Pulau Pinang 2022,5449
149,7 August 2023,State Socioeconomic Report Negeri Sembilan 2022,5447
149,7 August 2023,State Socioeconomic Report Melaka 2022,5446
149,7 August 2023,"Services Producer Price Index, Q2 2023",5363
150,7 August 2023,State Socioeconomic Report Melaka 2022,5446
150,7 August 2023,State Socioeconomic Report Negeri Sembilan 2022,5447
150,7 August 2023,State Socioeconomic Report Pulau Pinang 2022,5449
150,7 August 2023,State Socioeconomic Report Perak 2022,5450
150,7 August 2023,State Socioeconomic Report Selangor 2022,5452
150,7 August 2023,State Socioeconomic Report W.P. Labuan 2022,5457
150,7 August 2023,State Socioeconomic Report W.P. Kuala Lumpur 2022,5456
150,7 August 2023,State Socioeconomic Report Sarawak 2022,5455
150,7 August 2023,State Socioeconomic Report Perlis 2022,5451
150,7 August 2023,State Socioeconomic Report Sabah 2022,5454
151,7 August 2023,State Socioeconomic Report W.P. Labuan 2022,5457
151,4 August 2023,"Employee Wages Statistics (Formal Sector) Report, First Quarter 2023",7707
151,31 July 2023,LABOUR FORCE STATISTICS 2022,5279
151,31 July 2023,"Malaysia External Trade Statistics, 2022",5293
151,31 July 2023,"External Trade Statistics, Sabah 2022",5310
151,31 July 2023,"External Trade Statistics, Sarawak 2022",5311
151,31 July 2023,"Monthly Statistical Bulletin Malaysia, Mei 2023",5529
151,31 July 2023,"Current Population Estimates, Malaysia, 2023",6456
151,28 July 2023,HES 2022 TERENGGANU,5220
151,28 July 2023,HES 2022 SABAH,5221
152,28 July 2023,HES 2022 MELAKA,5212
152,28 July 2023,HES 2022 NEGERI SEMBILAN,5213
152,28 July 2023,HES 2022 PAHANG,5214
152,28 July 2023,HES 2022 PULAU PINANG,5216
152,28 July 2023,HES 2022 PERAK,5217
152,28 July 2023,HES 2022 PERLIS,5218
152,28 July 2023,HES 2022 SELANGOR,5219
152,28 July 2023,HES 2022 TERENGGANU,5220
152,28 July 2023,HES 2022 SABAH,5221
152,28 July 2023,Highlights of Income Expenditure Poverty Inequality,5525
153,28 July 2023,HES 2022 JOHOR,5208
153,28 July 2023,Highlights of Income Expenditure Poverty Inequality,5527
153,28 July 2023,Highlights of Income Expenditure Poverty Inequality,5525
153,28 July 2023,Highlights of Income Expenditure Poverty Inequality,5523
153,28 July 2023,Highlights of Income Expenditure Poverty Inequality,5521
153,28 July 2023,HIS 2022 PULAU PINANG,5241
153,28 July 2023,HES 2022 WP,5223
153,28 July 2023,HES 2022 MALAYSIA,5224
153,28 July 2023,HES 2022 SARAWAK,5222
153,28 July 2023,HIS 2022 MALAYSIA,5242
154,28 July 2023,HES 2022 SELANGOR,5219
154,28 July 2023,HES 2022 TERENGGANU,5220
154,28 July 2023,HES 2022 SABAH,5221
154,28 July 2023,HES 2022 SARAWAK,5222
154,28 July 2023,HES 2022 WP,5223
154,28 July 2023,HES 2022 MALAYSIA,5224
154,28 July 2023,HIS 2022 PULAU PINANG,5241
154,28 July 2023,HIS 2022 MALAYSIA,5242
154,28 July 2023,Poverty in Malaysia 2022,5246
154,28 July 2023,INEQUALITY,5247
155,28 July 2023,Highlights of Income Expenditure Poverty Inequality,5521
155,28 July 2023,Highlights of Income Expenditure Poverty Inequality,5523
155,28 July 2023,Highlights of Income Expenditure Poverty Inequality,5525
155,28 July 2023,Highlights of Income Expenditure Poverty Inequality,5527
155,27 July 2023,"External Trade Indices, June 2023",5134
155,27 July 2023,PRODUCER PRICE INDEX MALAYSIA JUNE 2023,5142
155,27 July 2023,"Micro, Small & Medium Enterprises (MSMEs) Performance 2022",5155
155,27 July 2023,Malaysian Economic Statistics Review (MESR) Vol.7/2023,5161
155,26 July 2023,GDP Income Approach 2022,5098
155,25 July 2023,"MALAYSIAN ECONOMIC INDICATORS  LEADING, COINCIDENT & LAGGING INDEXES MAY 2023",5106
156,25 July 2023,Publication GFCF,5116
156,24 July 2023,Consumer Price Index Malaysia June 2023,5058
156,20 July 2023,"Malaysia External Trade Statistics, June 2023",5048
156,20 July 2023,"Malaysia External Trade Statistics Publication, June 2023",5156
156,12 July 2023,"Publication Performance of Wholesale & Retail Trade, May 2023",5002
156,12 July 2023,"Monthly Manufacturing Statistics, Mei 2023",5022
156,12 July 2023,Industrial Production Index May 2023,5036
156,11 July 2023,Special Release 1 - For Civil Engineering Works Peninsular Malaysia,4984
156,11 July 2023,Special Release 1 - For Civil Engineering Works Sabah and Sarawak,4986
156,11 July 2023,Special Release 2 - For Building and Structural Works Sabah and Sarawak,4988
157,11 July 2023,Special Release 3 - For Mechanical and Electrical Works Malaysia,4990
157,11 July 2023,Special Release 2 - For Building and Structural Works,4993
157,10 July 2023,"Monthly Rubber Statistics, May 2023",4972
157,10 July 2023,"LABOUR FORCE MALAYSIA, MAY 2023",4979
157,6 July 2023,Usage of ICT and E-Commerce by Establishment 2022,5038
157,28 June 2023,"External Trade Indices, May 2023",4946
157,28 June 2023,"Monthly Statistical Bulletin Malaysia, April 2023",5531
157,27 June 2023,PRODUCER PRICE INDEX MALAYSIA MAY 2023,4906
157,27 June 2023,"Malaysian Economic Statistics Review (MESR), Volume 6/2023",4951
157,26 June 2023,PUBLICATION ON DOMESTIC TOURISM MALAYSIA 2022,4886
158,26 June 2023,MyCensus 2020: Population Well Being (Fitness),4887
158,23 June 2023,"Consumer Price Index Malaysia, May 2023",4823
158,23 June 2023,"MALAYSIAN ECONOMIC INDICATORS  LEADING, COINCIDENT & LAGGING INDEXES APRIL 2023",4841
158,22 June 2023,Statistics of International Trade in Services Malaysia (SITS),4815
158,21 June 2023,Annual Economic Survey 2022 - Environmental Protection Expenditure,4802
158,20 June 2023,"Malaysia External Trade Statistics Bulletin, Mei 2023",4783
158,20 June 2023,"Malaysia External Trade Statistics Publication, May 2023",4955
158,16 June 2023,Statistics of Direct Investment Abroad (DIA) 2022,4702
158,16 June 2023,Statistics of Foreign Direct Investment (FDI) in Malaysia 2022,4730
158,16 June 2023,Statistics on Ramadan and Aidilfitri Bazaars Malaysia 2023,4747
159,12 June 2023,"Publication Performance of Wholesale & Retail Trade, April 2023",4655
159,12 June 2023,"Malaysia Trade Statistics by State, 2022",4696
159,9 June 2023,Special Release 3 - For Mechanical and Electrical Works Malaysia,4631
159,9 June 2023,Special Release 2 - For Building and Structural Works Sabah and Sarawak,4633
159,9 June 2023,Special Release 1 - For Civil Engineering Works Sabah and Sarawak,4635
159,9 June 2023,Special Release 1 - For Civil Engineering Works Peninsular Malaysia,4637
159,9 June 2023,Special Release 2 - For Building and Structural Works,4640
159,9 June 2023,"LABOUR FORCE MALAYSIA, APRIL 2023",4648
159,9 June 2023,"Monthly Manufacturing Statistics, April 2023",4673
159,9 June 2023,Industrial Production Index April 2023,4678
160,8 June 2023,"Monthly Rubber Statistics, April 2023",4625
160,31 May 2023,ICT USE AND ACCESS BY INDIVIDUALS AND HOUSEHOLDS SURVEY REPORT 2022,4596
160,31 May 2023,"Malaysian Economic Statistics Review (MESR), Volume 5/2023",4619
160,31 May 2023,"Monthly Statistical Bulletin Malaysia, March 2023",4752
160,29 May 2023,PRODUCER PRICE INDEX MALAYSIA APRIL 2023,4583
160,26 May 2023,"Consumer Price Index Malaysia, April 2023",4545
160,26 May 2023,"Publication External Trade Indices, April 2023",4560
160,25 May 2023,"MALAYSIAN ECONOMIC INDICATORS  LEADING, COINCIDENT & LAGGING INDEXES MARCH 2023",4535
160,24 May 2023,Publication BTS Second Quarter 2023,4516
160,19 May 2023,"Malaysia External Trade Statistics Bulletin, April 2023 -",4487
161,19 May 2023,"Publication Manufacturing Industry Capacity Utilisation Statistics, First Quarter 2023",4491
161,19 May 2023,Labour Market Review (LMR) First Quarter 2023,4507
161,19 May 2023,"Malaysia External Trade Statistics Publication, April 2023",4622
161,18 May 2023,Labour Productivity First Quarter 2023,4472
161,17 May 2023,"Analysis of Annual Consumer Price Index, 2022",4451
161,12 May 2023,Gross Domestic Product 2022,4417
161,12 May 2023,Gross Domestic Product First Quarter 2023,4433
161,12 May 2023,"Quarterly Balance of Payments, First Quarter 2023",4435
161,12 May 2023,"Malaysia's International Investment Position, First Quarter 2023",4441
161,11 May 2023,"LABOUR FORCE MALAYSIA, MARCH 2023",4355
162,11 May 2023,"LABOUR FORCE MALAYSIA, FIRST QUARTER 2023",4389
162,11 May 2023,"Employment Statistics, First Quarter 2023",4404
162,10 May 2023,Volume Index of Wholesale & Retail Trade First Quarter 2023,4309
162,10 May 2023,"Performance of Wholesale & Retail Trade, Mac 2023",4325
162,10 May 2023,"Quarterly Services Statistics, Q1 2023",4339
162,10 May 2023,Construction Statistics First Quarter 2023,4346
162,10 May 2023,VOLUME INDEX OF SERVICES (2015=100) FIRST QUARTER 2023,4363
162,9 May 2023,Special Release 1 - For Civil Engineering Works (Peninsular Malaysia) April 2023,4241
162,9 May 2023,Special Release 2 - For Building and Structural Works (Peninsular Malaysia) April 2023,4245
162,9 May 2023,Special Release 2 - For Building and Structural Works (Sabah & Sarawak) April 2023,4247
163,9 May 2023,Special Release 3 - For Mechanical and Electrical Works (Malaysia) April 2023,4249
163,9 May 2023,"Monthly Rubber Statistics, March 2023",4256
163,9 May 2023,"Monthly Manufacturing Statistics, March 2023",4268
163,9 May 2023,Industrial Production Index March 2023,4280
163,9 May 2023,"Special Release 1 - For Civil Engineering Works Sabah and Sarawak, April 2023",4285
163,8 May 2023,SERVICES PRODUCER PRICE INDEX Q1 2023,4233
163,28 April 2023,"External Trade Indices, March 2023",4204
163,28 April 2023,"Malaysian Economic Statistics Review (MESR), Volume 4/2023",4223
163,28 April 2023,"Monthly Statistical Bulletin Malaysia, February 2023",4227
163,27 April 2023,PRODUCER PRICE INDEX MALAYSIA MARCH 2023,4191
164,20 April 2023,"MALAYSIAN ECONOMIC INDICATORS  LEADING, COINCIDENT & LAGGING INDEXES FEBRUARY 2023",3077
164,20 April 2023,"Consumer Price Index Malaysia, March 2023",3081
164,19 April 2023,Malaysia External Trade Statistics Bulletin Mac_2023,3065
164,19 April 2023,"Malaysia External Trade Statistics Publication ,March 2023",4226
164,12 April 2023,Publication,2381
164,11 April 2023,Publication,2363
164,11 April 2023,"Monthly Manufacturing Statistics, February 2023",2368
164,11 April 2023,IPI February 2023,2763
164,10 April 2023,"LABOUR FORCE MALAYSIA, FEBRUARY 2023",2784
164,7 April 2023,Special Release 2 Peninsular Malaysia,2329
165,7 April 2023,Special Release 3 Malaysia,2335
165,7 April 2023,Special Release 2 Sabah & Sarawak,2337
165,7 April 2023,Special Release 1 Peninsular Malaysia,2339
165,7 April 2023,Special Release 1 Sabah & Sarawak,2341
165,31 March 2023,"Malaysian Economic Statistics Review (MESR), Volume 3/2023",2307
165,31 March 2023,"Monthly Statistical Bulletin Malaysia, January 2023",3025
165,28 March 2023,"External Trade Indices, February 2023",1827
165,27 March 2023,PRODUCER PRICE INDEX MALAYSIA FEBRUARY 2023,1815
165,24 March 2023,"Consumer Price Index Malaysia, February 2023",1626
165,24 March 2023,"MALAYSIAN ECONOMIC INDICATORS  LEADING, COINCIDENT & LAGGING INDEXES JANUARY 2023",1643
166,23 March 2023,"Annual Economic Statistics (AES) Manufacturing, 2022",1464
166,23 March 2023,Annual Economic Statistics (AES) Construction 2022,1552
166,20 March 2023,"Malaysia External Trade Statistics Bulletin, February 2023",1157
166,16 March 2023,Annual Economic Statistics 2022 - Services Sector,997
166,16 March 2023,"PUBLICATION OF ANNUAL ECONOMIC STATISTICS (AES) MINING AND QUARRYING, 2022",1011
166,16 March 2023,"PUBLICATION: ANNUAL ECONOMIC STATISTICS (AES) ELECTRICITY, GAS, STEAM AND AIR CONDITIONING SUPPLY 2022",1019
166,14 March 2023,"Monthly Rubber Statistics, January 2023",2300
166,13 March 2023,"Performance of Wholesale & Retail Trade, January 2023",940
166,13 March 2023,"Monthly Manufacturing Statistics, January 2023",954
166,13 March 2023,IPI January 2023,968
167,10 March 2023,Special Release 2 Peninsular Malaysia,2321
167,10 March 2023,Special Release 3 Malaysia,2342
167,10 March 2023,Special Release 2 Sabah & Sarawak,2344
167,10 March 2023,Special Release 1 Sabah & Sarawak,2346
167,10 March 2023,Siaran Khas 1 Semenanjung Malaysia,2348
167,9 March 2023,"LABOUR FORCE MALAYSIA, JANUARY 2023",933
167,8 March 2023,"LABOUR FORCE MALAYSIA, JANUARY 2023",923
167,8 March 2023,Key Findings Population and Housing Census of Malaysia 2020: Local Authority Area,2794
167,1 March 2023,"Annual Economic Statistics (AES) Professional Services, 2022",593
167,1 March 2023,"Annual Economic Statistics (AES) Information and Communication, 2022",595
168,1 March 2023,Annual Economic Statistics - Food and Beverage Services,603
168,1 March 2023,"PUBLICATION ANNUAL ECONOMIC STATISTICS (AES) FINANCIAL SERVICES, 2022",619
168,1 March 2023,Annual Economic Statistics - Health and Social Works Services,624
168,1 March 2023,ANNUAL ECONOMIC STATISTICS 2022 ACCOMMODATION SERVICES,640
168,1 March 2023,Annual Economic Statistics 2022 (AES)- Wholesale & Retail Trade,641
168,1 March 2023,Annual Economic Statistics Personal Services and Other Activities 2022,646
168,1 March 2023,"Annual Economic Statistics (AES) Administrative and Support Services, 2022",653
168,1 March 2023,"Publication AES 2022 - Arts, Entertainment & Recreation Services",662
168,1 March 2023,"Publication Annual Economic Statistics (AES) 2022, Transportation and Storage",674
168,1 March 2023,"Publication Annual Economic Statistics (AES) Real Estate, 2022",675
169,1 March 2023,"Publication Annual Economic Statistics (AES) Private Education, 2022",686
169,28 February 2023,"Publication of External Trade Indices (2010=100), January 2023",555
169,28 February 2023,"Malaysian Economic Statistics Review (MESR), Volume 2/2023",574
169,28 February 2023,"Annual Economic Statistics 2022 Water Supply; Sewerage, Waste Management & Remediation Activities",2704
169,28 February 2023,ANNUAL ECONOMIC STATISTICS AGRICULTURE 2022,2706
169,28 February 2023,"Monthly Statistical Bulletin Malaysia, December 2022",3023
169,27 February 2023,PRODUCER PRICE INDEX MALAYSIA JANUARY 2023,548
169,24 February 2023,"MALAYSIAN ECONOMIC INDICATORS  LEADING, COINCIDENT & LAGGING INDEXES DECEMBER 2022",2720
169,23 February 2023,Laporan Khas Impak Banjir di Malaysia 2022 (m/s 1-52),536
169,23 February 2023,Laporan Khas Impak Banjir di Malaysia 2022 (m/s 53 - 112),537
170,23 February 2023,Laporan Khas Impak Banjir di Malaysia 2022 (m/s 113 - 442),538
170,23 February 2023,Laporan Khas Impak Banjir di Malaysia 2022 (m/s 443 - akhir),539
170,23 February 2023,Publication BTS First Quarter 2023,2760
170,20 February 2023,"Malaysia External Trade Statistics Bulletin, January 2023",580
170,17 February 2023,LABOUR MARKET REVIEW Q4 2022,496
170,17 February 2023,Annual Economic Statistics All Sectors 2022,507
170,16 February 2023,Labour Productivity Fourth Quarter 2022,485
170,10 February 2023,Publication GDP Q4 2022,462
170,10 February 2023,"Malaysia International Investment Position, Fourth Quarter 2022",473
170,10 February 2023,"Quarterly Balance of Payments, Fourth Quarter 2022",3085
171,9 February 2023,"LABOUR FORCE MALAYSIA, DECEMBER 2022",419
171,9 February 2023,"Employment Statistics, Q4 2022",428
171,9 February 2023,"LABOUR FORCE MALAYSIA, FOURTH QUARTER 2022",442
171,8 February 2023,"Performance of Wholesale & Retail Trade, December 2022",279
171,8 February 2023,Publication: Quarterly Service Statistics Q4 2022,373
171,8 February 2023,Construction Statistics Fourth Quarter 2022,387
171,8 February 2023,Volume Index of Wholesale & Retail Trade Fourth Quarter 2022,406
171,8 February 2023,VOLUME INDEX OF SERVICES (2015=100) FOURTH QUARTER 2022,2679
171,7 February 2023,SERVICES PRODUCER PRICE INDEX Q4 2022,334
171,7 February 2023,IPI December 2022,345
172,7 February 2023,Publication,351
172,7 February 2023,"Monthly Manufacturing Statistics, December 2022",365
172,7 February 2023,Special Release 2 Peninsular Malaysia,2317
172,7 February 2023,Special Release 3 Malaysia,2387
172,7 February 2023,Special Release 2 Sabah & Sarawak,2731
172,7 February 2023,Special Release 1 Sabah dan Sarawak,2734
172,7 February 2023,Special Release 1 Peninsular Malaysia,2736
172,31 January 2023,"Malaysian Economic Statistics Review (MESR), Volume 1/2023",321
172,31 January 2023,"Monthly Statistical Bulletin, November 2022",3021
172,30 January 2023,PRODUCER PRICE INDEX MALAYSIA DECEMBER 2022,314
173,27 January 2023,"Malaysia External Trade Indices, December 2022",301
173,20 January 2023,Consumer Price Index December 2022,283
173,18 January 2023,"Malaysia External Trade Statistics Bulletin, December 2022",264
173,13 January 2023,Publication,255
173,11 January 2023,"Monthly Manufacturing Statistics, November 2022",222
173,11 January 2023,"Prestasi Perdagangan Borong & Runcit, November 2022",232
173,11 January 2023,IPI November 2022,237
173,10 January 2023,"LABOUR FORCE MALAYSIA, NOVEMBER 2022",215
173,9 January 2023,Special Release 1 (For Civil Engineering Works) Peninsular Malaysia Dec 2022,200
173,9 January 2023,Special Release 1 (For Civil Engineering Works) Sabah & Sarawak Dec 2022,201
174,9 January 2023,Special Release 2 (For Building and Structural Works) Peninsular Malaysia Dec 2022,202
174,9 January 2023,Special Release 2 (For Building and Structural Works) Sabah & Sarawak Dec 2022,203
174,9 January 2023,Special Release 3 (For Mechanical and Electrical Works) Malaysia Dec 2022,204
174,9 January 2023,Special Release 3 Malaysia,885
174,9 January 2023,Special Release 2 Sabah & Sarawak,889
174,9 January 2023,Special Release 1 Sabah & Sarawak,890
174,9 January 2023,Special Release 1 Peninsular Malaysia,892
174,29 December 2022,"Malaysian Economic Statistics Review (MESR), Volume 12/2022",4913
174,28 December 2022,"External Trade Indices, November 2022",2999
174,23 December 2022,Consumer Price Index November 2022,287
175,23 December 2022,"MALAYSIAN ECONOMIC INDICATORS  LEADING, COINCIDENT & LAGGING INDEXES OCTOBER 2022",2747
175,19 December 2022,"Malaysia External Trade Statistics Bulletin, November 2022",161
175,15 December 2022,"Environment Statistics, Johor, 2022",96
175,15 December 2022,"Environment Statistics, Kedah, 2022",97
175,15 December 2022,"Environment Statistics, Kelantan, 2022",98
175,15 December 2022,"Environment Statistics, Melaka, 2022",115
175,15 December 2022,"Environment Statistics, Negeri Sembilan, 2022",116
175,15 December 2022,"Environment Statistics, Pahang, 2022",117
175,15 December 2022,"Environment Statistics, Perak, 2022",118
175,15 December 2022,"Environment Statistics, Perlis, 2022",124
176,15 December 2022,"Environment Statistics, Pulau Pinang, 2022",125
176,15 December 2022,"Environment Statistics, Sabah, 2022",126
176,15 December 2022,"Environment Statistics, Sarawak, 2022",127
176,15 December 2022,"Environment Statistics, Selangor, 2022",128
176,15 December 2022,"Environment Statistics, Terengganu, 2022",129
176,15 December 2022,"Environment Statistics, Wilayah Persekutuan, 2022",130
176,14 December 2022,Publication,89
176,12 December 2022,"Monthly Manufacturing Statistics, October 2022",68
176,12 December 2022,IPI October 2022,75
176,9 December 2022,"LABOUR FORCE MALAYSIA, OCTOBER 2022",54
177,9 December 2022,"Performance of Wholesale & Retail Trade, October 2022",60
177,8 December 2022,Special Release 1 Peninsular Malaysia,39
177,8 December 2022,Special Release 1 Sabah & Sarawak,40
177,8 December 2022,Special Release 2 Peninsular Malaysia,41
177,8 December 2022,Special Release 2 Sabah & Sarawak,42
177,8 December 2022,Special Release 3 Malaysia,43
177,7 December 2022,"Sustainable Development Goals (SDG) Indicators, Malaysia, 2021; Executive Summary",29
177,7 December 2022,"Sustainable Development Goals (SDG) Indicators, Malaysia, 2021; People",30
177,7 December 2022,"Sustainable Development Goals (SDG) Indicators, Malaysia, 2021; Prosperity",31
177,7 December 2022,"Sustainable Development Goals (SDG) Indicators, Malaysia, 2021; Planet",32
178,7 December 2022,"Sustainable Development Goals (SDG) Indicators, Malaysia, 2021; Peace and Partnership",33
178,6 December 2022,BUMIPUTERA STATISTICS 2022_PUBLICATION,9
178,1 December 2022,Malaysian Well-Being Index 2021,6
178,30 November 2022,"Malaysian Economic Statistics Review (MESR), Volume 11/2022",4858
178,28 November 2022,"External Trade Indices, October 2022",3001
178,11 November 2022,"Quarterly Balance of Payments, Third Quarter 2022",3086
178,4 November 2022,"External Trade Indices, September 2022",3003
178,28 October 2022,"Malaysian Economic Statistics Review (MESR), Volume 10/2022",4923
178,14 October 2022,"Monthly Rubber Statistics, Malaysia",
178,14 October 2022,Information And Communication Technology Satellite Account,
179,12 October 2022,"Monthly Manufacturing Statistics, Malaysia",
179,12 October 2022,Performance of Wholesale & Retail Trade,
179,12 October 2022,"Index of Industrial Production, Malaysia",
179,11 October 2022,"Special Release 1 - For Civil Engineering Works, Sabah and Sarawak",
179,11 October 2022,"Special Release 2 - For Building and Structural Works, Peninsular Malaysia",
179,11 October 2022,"Special Release 1 - For Civil Engineering Works, Peninsular Malaysia",
179,11 October 2022,"Monthly Principal Statistics of Labour Force, Malaysia",
179,11 October 2022,"Special Release 2 - For Building and Structural Works, Sabah and Sarawak",
179,11 October 2022,Special Release 3 - For Mechanical and Electrical Works,
179,6 October 2022,National Accounts Capital Stock Statistics,
180,4 October 2022,Salaries & Wages Survey Report,
180,4 October 2022,"External Trade Indices, Malaysia",
180,4 October 2022,"External Trade Indices, August 2022",3005
180,30 September 2022,Domestic Tourism Survey Perlis,
180,30 September 2022,Domestic Tourism Survey Melaka,
180,30 September 2022,Domestic Tourism Survey W.P. Kuala Lumpur,
180,30 September 2022,Domestic Tourism Survey Sarawak,
180,30 September 2022,"Malaysian Economic Statistics Review (MESR), Volume 9/2022",
180,30 September 2022,Domestic Tourism Survey W.P. Labuan,
180,30 September 2022,Domestic Tourism Survey Terengganu,
181,30 September 2022,Domestic Tourism Survey Johor,
181,30 September 2022,Domestic Tourism Survey Kedah,
181,30 September 2022,Domestic Tourism Survey Selangor,
181,30 September 2022,Domestic Tourism Survey W.P. Putrajaya,
181,30 September 2022,Domestic Tourism Survey Pahang,
181,30 September 2022,Domestic Tourism Survey Kelantan,
181,30 September 2022,Domestic Tourism Survey Pulau Pinang,
181,30 September 2022,Domestic Tourism Survey Negeri Sembilan,
181,30 September 2022,Domestic Tourism Survey Perak,
181,30 September 2022,Domestic Tourism Survey Sabah,
182,30 September 2022,"Monthly Statistical Bulletin, Malaysia",
182,29 September 2022,Producer Price Index Malaysia - Local Production,
182,28 September 2022,"Monthly External Trade Statistics, Malaysia",
182,28 September 2022,Tourism Satellite Account,
182,28 September 2022,"Abridged Life Tables, Malaysia",
182,23 September 2022,"Consumer Price Index, Malaysia",
182,22 September 2022,"Malaysia Economic Indicator - Leading, Coincident and Lagging Indices",
182,14 September 2022,"Monthly Rubber Statistics, Malaysia",
182,12 September 2022,Performance of Wholesale & Retail Trade,
182,12 September 2022,"Supply And Utilization Accounts Selected Agricultural Commodities, Malaysia",
183,9 September 2022,"Monthly Manufacturing Statistics, Malaysia",
183,9 September 2022,"Monthly Principal Statistics of Labour Force, Malaysia",
183,9 September 2022,"Index of Industrial Production, Malaysia",
183,8 September 2022,"Special Release 1 - For Civil Engineering Works, Peninsular Malaysia",
183,8 September 2022,"Special Release 2 - For Building and Structural Works, Sabah and Sarawak",
183,8 September 2022,"Special Release 1 - For Civil Engineering Works, Sabah and Sarawak",
183,8 September 2022,Special Release 3 - For Mechanical and Electrical Works,
183,8 September 2022,"Special Release 2 - For Building and Structural Works, Peninsular Malaysia",
183,2 September 2022,"External Trade Indices, Malaysia",
183,2 September 2022,"External Trade Indices, July 2022",3007
184,30 August 2022,"Monthly Statistical Bulletin, Malaysia",
184,30 August 2022,"Malaysian Economic Statistics Review (MESR), Volume 8/2022",
184,29 August 2022,"Consumer Price Index, Malaysia",
184,29 August 2022,Producer Price Index Malaysia - Local Production,
184,29 August 2022,"Input-Output Tables, Malaysia",
184,26 August 2022,"Monthly External Trade Statistics, Malaysia",
184,26 August 2022,Statistics Handbook Malaysia,
184,25 August 2022,"Business Tendency Survey Report, Malaysia",
184,25 August 2022,"Malaysia Economic Indicator - Leading, Coincident and Lagging Indices",
184,19 August 2022,Labour Market Review (LMR),
185,18 August 2022,Labour Productivity,
185,12 August 2022,Quarterly International Investment Position,
185,12 August 2022,PocketStats,
185,12 August 2022,"Quarterly National Account - Gross Domestic Product, Malaysia",
185,12 August 2022,"Quarterly Balance of Payments, Malaysia",
185,11 August 2022,Performance of Wholesale & Retail Trade,
185,11 August 2022,Quarterly Volume Index of Services,
185,11 August 2022,Quarterly Volume Index of Wholesale & Retail Trade,
185,11 August 2022,"Quarterly Services Statistics, Malaysia",
185,10 August 2022,"Special Release 1 - For Civil Engineering Works, Sabah and Sarawak",
186,10 August 2022,Employment Statistics,
186,10 August 2022,"Special Release 2 - For Building and Structural Works, Sabah and Sarawak",
186,10 August 2022,Special Release 3 - For Mechanical and Electrical Works,
186,10 August 2022,"Special Release 2 - For Building and Structural Works, Peninsular Malaysia",
186,10 August 2022,"Special Release 1 - For Civil Engineering Works, Peninsular Malaysia",
186,10 August 2022,"Monthly Rubber Statistics, Malaysia",
186,9 August 2022,Quarterly Construction Statistics,
186,9 August 2022,"Monthly Manufacturing Statistics, Malaysia",
186,9 August 2022,"Monthly Principal Statistics of Labour Force, Malaysia",
186,9 August 2022,"Quarterly Report Of Labour Force Survey, Malaysia",
187,9 August 2022,"Index of Industrial Production, Malaysia",
187,8 August 2022,Services Producer Price Index,
187,5 August 2022,State Socioeconomic Report Selangor,
187,5 August 2022,State Socioeconomic Report Terengganu,
187,5 August 2022,State Socioeconomic Report Sarawak,
187,5 August 2022,State Socioeconomic Report Kedah,
187,5 August 2022,State Socioeconomic Report Federal Territory Labuan,
187,5 August 2022,State Socioeconomic Report Sabah,
187,5 August 2022,State Socioeconomic Report Johor,
187,5 August 2022,State Socioeconomic Report Perlis,
188,5 August 2022,State Socioeconomic Report Pahang,
188,5 August 2022,State Socioeconomic Report Melaka,
188,5 August 2022,State Socioeconomic Report Negeri Sembilan,
188,5 August 2022,State Socioeconomic Report Perak,
188,5 August 2022,State Socioeconomic Report Pulau Pinang,
188,5 August 2022,State Socioeconomic Report Kelantan,
188,5 August 2022,State Socioeconomic Report Federal Territory Kuala Lumpur,
188,4 August 2022,"External Trade Indices, Malaysia",
188,4 August 2022,"External Trade Indices, June 2022",3009
188,29 July 2022,"Monthly Statistical Bulletin, Malaysia",
189,29 July 2022,"Current Population Estimates, Malaysia",
189,28 July 2022,"External Trade Statistics, Sabah",
189,28 July 2022,"External Trade Statistics, Sarawak",
189,28 July 2022,"Monthly External Trade Statistics, Malaysia",
189,28 July 2022,Final External Trade Statistics Malaysia,
189,28 July 2022,"Malaysian Economic Statistics Review (MESR), Volume 7/2022",
189,27 July 2022,"National Accounts Micro, Small and Medium Enterprises",
189,27 July 2022,Graduates Statistics,
189,27 July 2022,Producer Price Index Malaysia - Local Production,
189,26 July 2022,Gross Domestic Product Income Approach,
190,25 July 2022,Gross Fixed Capital Formation,
190,25 July 2022,"Malaysia Economic Indicator - Leading, Coincident and Lagging Indices",
190,22 July 2022,"Consumer Price Index, Malaysia",
190,22 July 2022,Malaysia Happiness Index (MHI),
190,15 July 2022,"Monthly Rubber Statistics, Malaysia",
190,8 July 2022,Performance of Wholesale & Retail Trade,
190,8 July 2022,"Index of Industrial Production, Malaysia",
190,8 July 2022,"Monthly Manufacturing Statistics, Malaysia",
190,7 July 2022,"Special Release 2 - For Building and Structural Works, Peninsular Malaysia",
190,7 July 2022,"Special Release 2 - For Building and Structural Works, Sabah and Sarawak",
191,7 July 2022,"Monthly Principal Statistics of Labour Force, Malaysia",
191,7 July 2022,Special Release 3 - For Mechanical and Electrical Works,
191,7 July 2022,"Special Release 1 - For Civil Engineering Works, Sabah and Sarawak",
191,7 July 2022,"Special Release 1 - For Civil Engineering Works, Peninsular Malaysia",
191,4 July 2022,"External Trade Indices, Malaysia",
191,4 July 2022,"External Trade Indices, May 2022",3011
191,30 June 2022,"Monthly Statistical Bulletin, Malaysia",
191,29 June 2022,Domestic Tourism Survey,
191,29 June 2022,"Malaysian Economic Statistics Review (MESR), Volume 6/2022",
191,28 June 2022,Producer Price Index Malaysia - Local Production,
192,28 June 2022,"Monthly External Trade Statistics, Malaysia",
192,24 June 2022,"Consumer Price Index, Malaysia",
192,23 June 2022,"Malaysia Economic Indicator - Leading, Coincident and Lagging Indices",
192,22 June 2022,Report on Special Survey of Ramadhan and Aidilfitri Bazaar 2022 Malaysia,
192,22 June 2022,"Report on the Survey of Enviromental Protection Expenditure, Malaysia",
192,17 June 2022,Statistics on Malaysia Direct Investment Abroad,
192,17 June 2022,Statistics of Foreign Direct Investment In Malaysia,
192,15 June 2022,"Monthly Rubber Statistics, Malaysia",
192,10 June 2022,"Monthly Manufacturing Statistics, Malaysia",
192,10 June 2022,"Index of Industrial Production, Malaysia",
193,9 June 2022,"Special Release 1 - For Civil Engineering Works, Peninsular Malaysia",
193,9 June 2022,"Monthly Principal Statistics of Labour Force, Malaysia",
193,9 June 2022,"Special Release 1 - For Civil Engineering Works, Sabah and Sarawak",
193,9 June 2022,"Special Release 2 - For Building and Structural Works, Sabah and Sarawak",
193,9 June 2022,Performance of Wholesale & Retail Trade,
193,9 June 2022,Special Release 3 - For Mechanical and Electrical Works,
193,9 June 2022,"Special Release 2 - For Building and Structural Works, Peninsular Malaysia",
193,8 June 2022,Statistics of International Trade in Services,
193,8 June 2022,Malaysia External Trade Statistics by State,
193,3 June 2022,"External Trade Indices, Malaysia",
194,3 June 2022,"External Trade Indices, April 2022",3013
194,1 June 2022,"Analysis of Annual Consumer Price Index (CPI), Malaysia",
194,31 May 2022,Producer Price Index Malaysia - Local Production,
194,31 May 2022,"Monthly Statistical Bulletin, Malaysia",
194,29 May 2022,Key Findings Population and Housing Census of Malaysia 2020: Administrative District Selangau,
194,29 May 2022,Subnational Statistics SLA N.37 BUKIT LANJAN,
194,29 May 2022,Subnational Statistics SLA N.38 PAYA JARAS,
194,29 May 2022,Subnational Statistics SLA N.39 KOTA DAMANSARA,
194,29 May 2022,Subnational Statistics SLA N.26 SERKAM,
194,29 May 2022,Subnational Statistics SLA N.18 BUKIT TAMBUN,
195,29 May 2022,Subnational Statistics SLA N.04 PANTAI DAMAI,
195,29 May 2022,Subnational Statistics SLA N.08 SATOK,
195,29 May 2022,Subnational Statistics SLA N.10 PENDING,
195,29 May 2022,Subnational Statistics SLA N.11 BATU LINTANG,
195,29 May 2022,Subnational Statistics SLA N.26 TEBING TINGGI,
195,29 May 2022,Subnational Statistics SLA N.27 PASIR PINJI,
195,29 May 2022,Subnational Statistics SLA N.30 BUNTONG,
195,29 May 2022,Subnational Statistics SLA N.31 JELAPANG,
195,29 May 2022,Subnational Statistics SLA N. 07 JERAM PADANG,
195,29 May 2022,Subnational Statistics SLA N.14 TAMPARULI,
196,29 May 2022,Subnational Statistics SLA N.36 BANDAR UTAMA,
196,29 May 2022,Subnational Statistics SLA N.03 PADANG TENGKU,
196,29 May 2022,Subnational Statistics SLA N.05 BENTA,
196,29 May 2022,Subnational Statistics SLA N.34 KETARI,
196,29 May 2022,Subnational Statistics SLA N.29 JENGKA,
196,29 May 2022,Key Findings Population and Housing Census of Malaysia 2020: Administrative District Bagan Datuk,
196,29 May 2022,Key Findings Population and Housing Census of Malaysia 2020: Administrative District Pasir Mas,
196,29 May 2022,Subnational Statistics SLA N.29 KEPAYANG,
196,29 May 2022,Subnational Statistics SLA N.44 SUNGAI RAPAT,
196,29 May 2022,Subnational Statistics SLA N.62 KATIBAS,
197,29 May 2022,Subnational Statistics SLA N.63 BUKIT GORAM,
197,29 May 2022,Subnational Statistics SLA N.18 INANAM,
197,29 May 2022,Subnational Statistics SLA N.26 MOYOG,
197,29 May 2022,Subnational Statistics SLA N.40 BINGKOR,
197,29 May 2022,Subnational Statistics SLA N.41 LIAWAN,
197,29 May 2022,Key Findings Population and Housing Census of Malaysia 2020: Administrative District Bachok,
197,29 May 2022,Subnational Statistics SLA N. 28 KOTA,
197,29 May 2022,Key Findings Population and Housing Census of Malaysia 2020: Administrative District Tenom,
197,29 May 2022,Subnational Statistics SLA N.33 TRONOH,
197,29 May 2022,Subnational Statistics SLA N.41 MALIM NAWAR,
198,29 May 2022,Subnational Statistics SLA N.17 SEMERAH,
198,29 May 2022,Subnational Statistics SLA N. 30 LUKUT,
198,29 May 2022,Subnational Statistics SLA N. 10 NILAI,
198,29 May 2022,Subnational Statistics SLA N.29 KEMASIK,
198,29 May 2022,Subnational Statistics SLA N.09 TEMPASUK,
198,29 May 2022,Subnational Statistics SLA N.10 USUKAN,
198,29 May 2022,Subnational Statistics SLA N.01 SUNGAI AIR TAWAR,
198,29 May 2022,Subnational Statistics SLA N.20 API-API,
198,29 May 2022,Subnational Statistics SLA N.34 BUKIT GASING,
198,29 May 2022,Subnational Statistics SLA N.42 MERU,
199,29 May 2022,Subnational Statistics SLA N.52 SENAI,
199,29 May 2022,Key Findings Population and Housing Census of Malaysia 2020: Administrative District Serian,
199,29 May 2022,Key Findings Population and Housing Census of Malaysia 2020: Administrative District Marudi,
199,29 May 2022,Subnational Statistics SLA N.68 TANJONG BATU,
199,29 May 2022,Subnational Statistics SLA N.72 LAMBIR,
199,29 May 2022,Subnational Statistics SLA N.75 SENADIN,
199,29 May 2022,Subnational Statistics SLA N.32 SERI SETIA,
199,29 May 2022,Subnational Statistics SLA N. 02 PERTANG,
199,29 May 2022,Subnational Statistics SLA N. 04 KLAWANG,
199,29 May 2022,Subnational Statistics SLA N. 12 TEMIANG,
200,29 May 2022,Subnational Statistics SLA N. 15 JUASSEH,
200,29 May 2022,Subnational Statistics SLA N. 16 SERI MENANTI,
200,29 May 2022,Subnational Statistics SLA N.52 DUDONG,
200,29 May 2022,Subnational Statistics SLA N.13 SIMPANG JERAM,
200,29 May 2022,Subnational Statistics SLA N.35 SINDUMIN,
200,29 May 2022,Subnational Statistics SLA N.36 KUNDASANG,
200,29 May 2022,Subnational Statistics SLA N.38 PAGINATAN,
200,29 May 2022,Key Findings Population and Housing Census of Malaysia 2020: Administrative District Kabong,
200,29 May 2022,Key Findings Population and Housing Census of Malaysia 2020: Administrative District Pakan,
200,29 May 2022,Subnational Statistics SLA N.22 GURUN,
201,29 May 2022,Subnational Statistics SLA N.24 JENERI,
201,29 May 2022,Subnational Statistics SLA N.25 BUKIT SELAMBAU,
201,29 May 2022,Subnational Statistics SLA N.27 PANTAI MERDEKA,
201,29 May 2022,Subnational Statistics SLA N.28 BAKAR ARANG,
201,29 May 2022,Subnational Statistics SLA N.30 BAYU,
201,29 May 2022,Subnational Statistics SLA N.31 KUPANG,
201,29 May 2022,Subnational Statistics SLA N.32 KUALA KETIL,
201,29 May 2022,Subnational Statistics SLA N.33 MERBAU PULAS,
201,29 May 2022,Subnational Statistics SLA N.34 LUNAS,
201,29 May 2022,Subnational Statistics SLA N.18 HULU KELANG,
202,29 May 2022,Subnational Statistics SLA N.20 LEMBAH JAYA,
202,29 May 2022,Key Findings Population and Housing Census of Malaysia 2020: Administrative District Tampin,
202,29 May 2022,Key Findings Population and Housing Census of Malaysia 2020: Administrative District Kota Marudu,
202,29 May 2022,Subnational Statistics SLA N.31 SEMERAK,
202,29 May 2022,Subnational Statistics SLA N.55 DENGKIL,
202,29 May 2022,Subnational Statistics SLA N.38 TRIANG,
202,29 May 2022,Key Findings Population and Housing Census of Malaysia 2020: Administrative District Kampar,
202,29 May 2022,Key Findings Population and Housing Census of Malaysia 2020: Administrative District Batang Padang,
202,29 May 2022,Key Findings Population and Housing Census of Malaysia 2020: Administrative District Seberang Perai Selatan,
202,29 May 2022,Key Findings Population and Housing Census of Malaysia 2020: Administrative District Seberang Perai Tengah,
203,29 May 2022,Key Findings Population and Housing Census of Malaysia 2020: Administrative District Cameron Highlands,
203,29 May 2022,Subnational Statistics SLA N.28 PAKA,
203,29 May 2022,Subnational Statistics SLA N.03 JERTIH,
203,29 May 2022,Subnational Statistics SLA N.11 SEBERANG TAKIR,
203,29 May 2022,Subnational Statistics SLA N.36 BANDAR BAHARU,
203,29 May 2022,Subnational Statistics SLA N.02 KELABORAN,
203,29 May 2022,Subnational Statistics SLA N.04 WAKAF BHARU,
203,29 May 2022,Subnational Statistics SLA N.05 KIJANG,
203,29 May 2022,Subnational Statistics SLA N.07 PANCHOR,
203,29 May 2022,Subnational Statistics SLA N.08 TANJONG MAS,
204,29 May 2022,Subnational Statistics SLA N.09 KOTA LAMA,
204,29 May 2022,Subnational Statistics SLA N.10 BUNUT PAYONG,
204,29 May 2022,Subnational Statistics SLA N.66 MURUM,
204,29 May 2022,Subnational Statistics SLA N.67 JEPAK,
204,29 May 2022,Subnational Statistics SLA N.47 TELUPID,
204,29 May 2022,Subnational Statistics SLA N.48 SUGUT,
204,29 May 2022,Subnational Statistics SLA N.61 SEGAMA,
204,29 May 2022,Subnational Statistics SLA N.32 ENDAU,
204,29 May 2022,Subnational Statistics SLA N.33 TENGGAROH,
204,29 May 2022,Subnational Statistics SLA N.38 PENAWAR,
205,29 May 2022,Key Findings Population and Housing Census of Malaysia 2020: Administrative District Manjung,
205,29 May 2022,Key Findings Population and Housing Census of Malaysia 2020: Administrative District Hilir Perak,
205,29 May 2022,Key Findings Population and Housing Census of Malaysia 2020: Administrative District Alor Gajah Jasin Melaka Tengah,
205,29 May 2022,Key Findings Population and Housing Census of Malaysia 2020: Administrative District Jelebu,
205,29 May 2022,Subnational Statistics SLA N.01 TANAH RATA,
205,29 May 2022,Key Findings Population and Housing Census of Malaysia 2020: State Pulau Pinang,
205,29 May 2022,Subnational Statistics SLA N.01,
205,29 May 2022,Subnational Statistics SLA N.05 DEMAK LAUT,
205,29 May 2022,Subnational Statistics SLA N.06 TUPONG,
205,29 May 2022,Subnational Statistics SLA N.07 SAMARIANG,
206,29 May 2022,Subnational Statistics SLA N.09 PADUNGAN,
206,29 May 2022,Subnational Statistics SLA N.24 AJIL,
206,29 May 2022,Subnational Statistics SLA N.20 SUNGAI LIMAU,
206,29 May 2022,Subnational Statistics SLA N.21 GUAR CHEMPEDAK,
206,29 May 2022,Subnational Statistics SLA N.23 BELANTEK,
206,29 May 2022,Subnational Statistics SLA N.26 TANJONG DAWAI,
206,29 May 2022,Subnational Statistics SLA N.29 SIDAM,
206,29 May 2022,Subnational Statistics SLA N.35 KULIM,
206,29 May 2022,Subnational Statistics SLA N.01 PENGKALAN KUBOR,
206,29 May 2022,Subnational Statistics SLA N.03 PASIR PEKAN,
207,29 May 2022,Subnational Statistics SLA N.06 CHEMPAKA,
207,29 May 2022,Subnational Statistics SLA N.21 TELEMUNG,
207,29 May 2022,Subnational Statistics SLA N.03 KENERING,
207,29 May 2022,Subnational Statistics SLA N.05 SELAMA,
207,29 May 2022,Subnational Statistics SLA N.08 TITI SERONG,
207,29 May 2022,Key Findings Population and Housing Census of Malaysia 2020: Administrative District Perak Tengah,
207,29 May 2022,Key Findings Population and Housing Census of Malaysia 2020: Administrative District Kinta,
207,29 May 2022,Key Findings Population and Housing Census of Malaysia 2020: Administrative District Bentong,
207,29 May 2022,Key Findings Population and Housing Census of Malaysia 2020: Administrative District Seberang Perai Utara,
207,29 May 2022,Subnational Statistics SLA N. 36 REPAH,
208,29 May 2022,Subnational Statistics SLA N. 29 CHUAH,
208,29 May 2022,Subnational Statistics SLA N.55 NANGKA,
208,29 May 2022,Subnational Statistics SLA N.34 BUKIT CHANDAN,
208,29 May 2022,Subnational Statistics SLA N.24 KEBUN BUNGA,
208,29 May 2022,Key Findings Population and Housing Census of Malaysia 2020: Administrative District Padang Terap,
208,29 May 2022,Key Findings Population and Housing Census of Malaysia 2020: Administrative District Langkawi,
208,29 May 2022,Subnational Statistics SLA N.65 BELAGA,
208,29 May 2022,Subnational Statistics SLA N.54 HUTAN MELINTANG,
208,29 May 2022,Subnational Statistics SLA N.36 PENGKALAN BAHARU,
208,29 May 2022,Subnational Statistics SLA N.37 PANTAI REMIS,
209,29 May 2022,Subnational Statistics SLA N.38 ASTAKA,
209,29 May 2022,Subnational Statistics SLA N.40 BOTA,
209,29 May 2022,Subnational Statistics SLA N.47 CHENDERIANG,
209,29 May 2022,Subnational Statistics SLA N.52 PANGKOR,
209,29 May 2022,Subnational Statistics SLA N.20 TAWANG,
209,29 May 2022,Subnational Statistics SLA N.12 BENTAYAN,
209,29 May 2022,Subnational Statistics SLA N.42 MELALAP,
209,29 May 2022,Subnational Statistics SLA N.45 SOOK,
209,29 May 2022,Subnational Statistics SLA N.19 KESIDANG,
209,29 May 2022,Subnational Statistics SLA N.22 BANDAR HILIR,
210,29 May 2022,Subnational Statistics SLA N.23 TELOK MAS,
210,29 May 2022,Subnational Statistics SLA N.37 GUAI,
210,29 May 2022,Key Findings Population and Housing Census of Malaysia 2020: Administrative District Muallim,
210,29 May 2022,Key Findings Population and Housing Census of Malaysia 2020: Administrative District Seremban,
210,29 May 2022,Subnational Statistics SLA N.57 KUAMUT,
210,29 May 2022,Key Findings Population and Housing Census of Malaysia 2020: Administrative District Tanah Merah,
210,29 May 2022,Subnational Statistics SLA N.02 TASIK BIRU,
210,29 May 2022,Penemuan Utama Banci Penduduk dan Perumahan Malaysia 2020 Daerah Pentadbiran Tumpat,
210,29 May 2022,Key Findings Population and Housing Census of Malaysia 2020: Administrative District Pendang,
210,29 May 2022,Key Findings Population and Housing Census of Malaysia 2020: Administrative District Tongod,
211,29 May 2022,Key Findings Population and Housing Census of Malaysia 2020: Administrative District Baling,
211,29 May 2022,Key Findings Population and Housing Census of Malaysia 2020: Administrative District Setiu,
211,29 May 2022,Key Findings Population and Housing Census of Malaysia 2020: Administrative District Kuala Nerus,
211,29 May 2022,Key Findings Population and Housing Census of Malaysia 2020: Administrative District Marang,
211,29 May 2022,Subnational Statistics SLA N.02 BENGKOKA,
211,29 May 2022,Subnational Statistics SLA N.18 LEPAR,
211,29 May 2022,Subnational Statistics SLA N.19 PANCHING,
211,29 May 2022,Key Findings Population and Housing Census of Malaysia 2020: Administrative District Ulu Selangor,
211,29 May 2022,Subnational Statistics SLA N.24 TANJUNG KERAMAT,
211,29 May 2022,Subnational Statistics SLA N.27 LIMBAHAU,
212,29 May 2022,Subnational Statistics SLA N.28 KAWANG,
212,29 May 2022,Subnational Statistics SLA N. 11 LOBAK,
212,29 May 2022,Subnational Statistics SLA N.15 TRONG,
212,29 May 2022,Subnational Statistics SLA N.08 MACHAP JAYA,
212,29 May 2022,Key Findings Population and Housing Census of Malaysia 2020: Administrative District Tawau,
212,29 May 2022,Key Findings Population and Housing Census of Malaysia 2020: Administrative District Semporna,
212,29 May 2022,Key Findings Population and Housing Census of Malaysia 2020: Administrative District Sandakan,
212,29 May 2022,Key Findings Population and Housing Census of Malaysia 2020: Administrative District Kota Kinabalu,
212,29 May 2022,Key Findings Population and Housing Census of Malaysia 2020: Administrative District Kudat,
212,29 May 2022,Key Findings Population and Housing Census of Malaysia 2020: Administrative District Sipitang,
213,29 May 2022,Subnational Statistics SLA N.22 TERATAI,
213,29 May 2022,Key Findings Population and Housing Census of Malaysia 2020: Administrative District Keningau,
213,29 May 2022,Key Findings Population and Housing Census of Malaysia 2020: Administrative District Kuala Penyu,
213,29 May 2022,Key Findings Population and Housing Census of Malaysia 2020: Administrative District Tambunan,
213,29 May 2022,Key Findings Population and Housing Census of Malaysia 2020: Administrative District Kunak,
213,29 May 2022,Subnational Statistics SLA N.23 MANJOI,
213,29 May 2022,Subnational Statistics SLA N.71 TANJUNG BATU,
213,29 May 2022,Subnational Statistics SLA N.04 KOTA TAMPAN,
213,29 May 2022,Subnational Statistics SLA N.56 DALAT,
213,29 May 2022,Key Findings Population and Housing Census of Malaysia 2020: Administrative District Jempol,
214,29 May 2022,Key Findings Population and Housing Census of Malaysia 2020: Administrative District Rembau,
214,29 May 2022,Subnational Statistics SLA N.12 SELINSING,
214,29 May 2022,Subnational Statistics SLA N.59 SUKAU,
214,29 May 2022,Subnational Statistics SLA N.28 MENGKIBOL,
214,29 May 2022,Subnational Statistics SLA N.29 MAHKOTA,
214,29 May 2022,Subnational Statistics SLA N.12 PENANTI,
214,29 May 2022,Subnational Statistics SLA N.14 MACHANG BUBUK,
214,29 May 2022,Subnational Statistics SLA N.25 PULAU TIKUS,
214,29 May 2022,Subnational Statistics SLA N.26 PADANG KOTA,
214,29 May 2022,Subnational Statistics SLA N.06 BATU TALAM,
215,29 May 2022,Subnational Statistics SLA N.12 BESERAH,
215,29 May 2022,Subnational Statistics SLA N.32 GAAL,
215,29 May 2022,Subnational Statistics SLA N.35 PASIR RAJA,
215,29 May 2022,Subnational Statistics SLA N.34 PAYA TERUBONG,
215,29 May 2022,Subnational Statistics SLA N.33 AIR ITAM,
215,29 May 2022,Subnational Statistics SLA N.37 BATU MAUNG,
215,29 May 2022,Key Findings Population and Housing Census of Malaysia 2020: Administrative District Bau,
215,29 May 2022,Key Findings Population and Housing Census of Malaysia 2020: Administrative District Maradong,
215,29 May 2022,Subnational Statistics SLA N.16 BATU BURUK,
215,29 May 2022,Subnational Statistics SLA N.17 ALUR LIMBAT,
216,29 May 2022,Key Findings Population and Housing Census of Malaysia 2020: Administrative District Kulim,
216,29 May 2022,Key Findings Population and Housing Census of Malaysia 2020: Administrative District Gua Musang,
216,29 May 2022,Subnational Statistics SLA N.40 TELOK BAHANG,
216,29 May 2022,Subnational Statistics SLA N.13 SEMAMBU,
216,29 May 2022,Subnational Statistics SLA N.15 TANJUNG LUMPUR,
216,29 May 2022,Key Findings Population and Housing Census of Malaysia 2020: State Johor,
216,29 May 2022,Key Findings Population and Housing Census of Malaysia 2020: Administrative District Putatan,
216,29 May 2022,Subnational Statistics SLA N.19 RU RENDANG,
216,29 May 2022,Subnational Statistics SLA N.36 PANTAI JEREJAK,
216,29 May 2022,Key Findings Population and Housing Census of Malaysia 2020: Administrative District Pekan,
217,29 May 2022,Subnational Statistics SLA N.03 SUNGAI PANJANG,
217,29 May 2022,Subnational Statistics SLA N.04 SEKINCHAN,
217,29 May 2022,Key Findings Population and Housing Census of Malaysia 2020: Administrative District Temerloh,
217,29 May 2022,Key Findings Population and Housing Census of Malaysia 2020: Administrative District Jasin,
217,29 May 2022,Key Findings Population and Housing Census of Malaysia 2020: Administrative District Pasir Puteh,
217,29 May 2022,Key Findings Population and Housing Census of Malaysia 2020: Administrative District Kecil Lojing,
217,29 May 2022,Subnational Statistics SLA N.02 TEMENGOR,
217,29 May 2022,Key Findings Population and Housing Census of Malaysia 2020: Administrative District Asajaya,
217,29 May 2022,Key Findings Population and Housing Census of Malaysia 2020: Administrative District Kemaman,
217,29 May 2022,Subnational Statistics SLA N.07 LANGKAP,
218,29 May 2022,Key Findings Population and Housing Census of Malaysia 2020: Administrative District Kinabatangan,
218,29 May 2022,Subnational Statistics SLA N.41 KUALA RAJANG,
218,29 May 2022,Subnational Statistics SLA N.02 BESERI,
218,29 May 2022,Subnational Statistics SLA N.46 PELABUHAN KLANG,
218,29 May 2022,Subnational Statistics SLA N.38 BAYAN LEPAS,
218,29 May 2022,Subnational Statistics SLA N.51 SUNGAI MANILA,
218,29 May 2022,Subnational Statistics SLA N.53 SEKONG,
218,29 May 2022,Subnational Statistics SLA N.55 ELOPURA,
218,29 May 2022,Subnational Statistics SLA N.14 RAWANG,
218,29 May 2022,Subnational Statistics SLA N.19 BUKIT ANTARABANGSA,
219,29 May 2022,Subnational Statistics SLA N.63 KUNAK,
219,29 May 2022,Subnational Statistics SLA N.64 SULABAYAN,
219,29 May 2022,Subnational Statistics SLA N.23 DUSUN TUA,
219,29 May 2022,Subnational Statistics SLA N.73 SEBATIK,
219,29 May 2022,Subnational Statistics SLA N.01 BANGGI,
219,29 May 2022,Subnational Statistics SLA N.78 MULU,
219,29 May 2022,Subnational Statistics SLA N.49 LABUK,
219,29 May 2022,Subnational Statistics SLA N.52 SUNGAI SIBUGA,
219,29 May 2022,Subnational Statistics SLA N.06 BANDAU,
219,29 May 2022,Subnational Statistics SLA N.30 KINRARA,
220,29 May 2022,Subnational Statistics SLA N.15 PENGKALAN BATU,
220,29 May 2022,Subnational Statistics SLA N.61 PELAGUS,
220,29 May 2022,Subnational Statistics SLA N.30 BONGAWAN,
220,29 May 2022,Subnational Statistics SLA N.27 BALAKONG,
220,29 May 2022,Subnational Statistics SLA N.26 SUNGAI RAMAL,
220,29 May 2022,Subnational Statistics SLA N.28 KEMAHANG,
220,29 May 2022,Subnational Statistics SLA N.58 SLIM,
220,29 May 2022,Subnational Statistics SLA N.02 TANJUNG BIDARA,
220,29 May 2022,Subnational Statistics SLA N.50 KOTA KEMUNING,
220,29 May 2022,Subnational Statistics SLA N.20 KOTA LAKSAMANA,
221,29 May 2022,Subnational Statistics SLA N.23 PENGGARAM,
221,29 May 2022,Subnational Statistics SLA N.10 BUKIT MELAWATI,
221,29 May 2022,Subnational Statistics SLA N.12 JERAM,
221,29 May 2022,Subnational Statistics SLA N.09 KUALA KURAU,
221,29 May 2022,Subnational Statistics SLA N.10 ALOR PONGSU,
221,29 May 2022,Subnational Statistics SLA N.35 KAMPUNG TUNKU,
221,29 May 2022,Subnational Statistics SLA N.40 TIRAM,
221,29 May 2022,Subnational Statistics SLA N.47 KEMPAS,
221,29 May 2022,Subnational Statistics SLA N.54 PULAI SEBATANG,
221,29 May 2022,Subnational Statistics SLA N.55 PEKAN NANAS,
222,29 May 2022,Subnational Statistics SLA N.04 PERMATANG BERANGAN,
222,29 May 2022,Subnational Statistics SLA N.05 SUNGAI DUA,
222,29 May 2022,Subnational Statistics SLA N.01 PENAGA,
222,29 May 2022,Subnational Statistics SLA N.29 DATOK KERAMAT,
222,29 May 2022,Subnational Statistics SLA N.32 SERI DELIMA,
222,29 May 2022,Subnational Statistics SLA N.35 BATU UBAN,
222,29 May 2022,Subnational Statistics SLA N.16 Sungai Balang,
222,29 May 2022,Subnational Statistics SLA N.42 KERANJI,
222,29 May 2022,Subnational Statistics SLA N.41 MUADZAM SHAH,
222,29 May 2022,Key Findings Population and Housing Census of Malaysia 2020: Administrative District Kuala Langat,
223,29 May 2022,Key Findings Population and Housing Census of Malaysia 2020: State Negeri Sembilan,
223,29 May 2022,Key Findings Population and Housing Census of Malaysia 2020: State Perlis,
223,29 May 2022,Key Findings Population and Housing Census of Malaysia 2020: State Selangor,
223,29 May 2022,Key Findings Population and Housing Census of Malaysia 2020: State Terengganu,
223,29 May 2022,Subnational Statistics SLA N.46 NABAWAN,
223,29 May 2022,Key Findings Population and Housing Census of Malaysia 2020: Administrative District Kuala Pilah,
223,29 May 2022,Key Findings Population and Housing Census of Malaysia 2020: Administrative District Kuala Krai,
223,29 May 2022,Key Findings Population and Housing Census of Malaysia 2020: Administrative District Kota Bharu,
223,29 May 2022,Subnational Statistics SLA N.15 KIULU,
223,29 May 2022,Subnational Statistics SLA N.16 KARAMBUNAI,
224,29 May 2022,Subnational Statistics SLA N.14 CHANGKAT JERING,
224,29 May 2022,Subnational Statistics SLA N.43 DARO,
224,29 May 2022,Subnational Statistics SLA N.48 MELUAN,
224,29 May 2022,Subnational Statistics SLA N.43 KEMABONG,
224,29 May 2022,Subnational Statistics SLA N.50 GUM-GUM,
224,29 May 2022,Subnational Statistics SLA N.68 APAS,
224,29 May 2022,Subnational Statistics SLA N.30 LIMBONGAN,
224,29 May 2022,Key Findings Population and Housing Census of Malaysia 2020: State Sabah,
224,29 May 2022,Key Findings Population and Housing Census of Malaysia 2020: State Sarawak,
224,29 May 2022,Key Findings Population and Housing Census of Malaysia 2020: Administrative District Mersing,
225,29 May 2022,Subnational Statistics SLA N.11 KADAMAIAN,
225,29 May 2022,Subnational Statistics SLA N.07 TANDEK,
225,29 May 2022,Subnational Statistics SLA N.12 SULAMAN,
225,29 May 2022,Key Findings Population and Housing Census of Malaysia 2020: Administrative District Kuala Selangor,
225,29 May 2022,Key Findings Population and Housing Census of Malaysia 2020: Administrative District Kota Setar,
225,29 May 2022,Key Findings Population and Housing Census of Malaysia 2020: Administrative District Kuala Muda,
225,29 May 2022,Key Findings Population and Housing Census of Malaysia 2020: Administrative District Kubang Pasu,
225,29 May 2022,Subnational Statistics SLA N.09 TEPUH,
225,29 May 2022,Subnational Statistics SLA N.50 MACHAN,
225,29 May 2022,Subnational Statistics SLA N.54 PELAWAN,
226,29 May 2022,Key Findings Population and Housing Census of Malaysia 2020: Administrative District Pontian,
226,29 May 2022,Key Findings Population and Housing Census of Malaysia 2020: Administrative District Tebedu,
226,29 May 2022,Key Findings Population and Housing Census of Malaysia 2020: Administrative District Betong,
226,29 May 2022,Key Findings Population and Housing Census of Malaysia 2020: Administrative District Saratok,
226,29 May 2022,Subnational Statistics SLA N.17 DARAU,
226,29 May 2022,Subnational Statistics SLA N.19 LIKAS,
226,29 May 2022,Subnational Statistics SLA N.02 JEMENTAH,
226,29 May 2022,Subnational Statistics SLA N.04 KEMELAH,
226,29 May 2022,Subnational Statistics SLA N.05 TENANG,
226,29 May 2022,Subnational Statistics SLA N.08 BUKIT PASIR,
227,29 May 2022,Subnational Statistics SLA N.56 CHANGKAT JONG,
227,29 May 2022,Subnational Statistics SLA N.57 SUNGKAI,
227,29 May 2022,Subnational Statistics SLA N.01 KUALA LINGGI,
227,29 May 2022,Subnational Statistics SLA N.13 PAYA RUMPUT,
227,29 May 2022,Subnational Statistics SLA N.65 SENALLANG,
227,29 May 2022,Subnational Statistics SLA N.67 BALUNG,
227,29 May 2022,Subnational Statistics SLA N.22 BEBAR,
227,29 May 2022,Key Findings Population and Housing Census of Malaysia 2020: Administrative District Kulai,
227,29 May 2022,Key Findings Population and Housing Census of Malaysia 2020: Administrative District Tangkak,
227,29 May 2022,Key Findings Population and Housing Census of Malaysia 2020: Administrative District Lahad Datu,
228,29 May 2022,Key Findings Population and Housing Census of Malaysia 2020: Administrative District Ranau,
228,29 May 2022,Subnational Statistics SLA N.57 TELLIAN,
228,29 May 2022,Subnational Statistics SLA N.22 JELAWAT,
228,29 May 2022,Subnational Statistics SLA N.24 KADOK,
228,29 May 2022,Subnational Statistics SLA N.26 BUKIT PANAU,
228,29 May 2022,Subnational Statistics SLA N.06 KUALA KUBU BAHARU,
228,29 May 2022,Subnational Statistics SLA N.09 PERMATANG,
228,29 May 2022,Subnational Statistics SLA N.25 KAJANG,
228,29 May 2022,Subnational Statistics SLA N.35 KEMUNING,
228,29 May 2022,Subnational Statistics SLA N.11 SUNGAI UDANG,
229,29 May 2022,Subnational Statistics SLA N.20 SEMARANG,
229,29 May 2022,Subnational Statistics SLA N.21 PARIT YAANI,
229,29 May 2022,Subnational Statistics SLA N.31 MEMBAKUT,
229,29 May 2022,Subnational Statistics SLA N.34 LUMADAN,
229,29 May 2022,Subnational Statistics SLA N.19 JAWI,
229,29 May 2022,Subnational Statistics SLA N.20 SUNGAI BAKAP,
229,29 May 2022,Subnational Statistics SLA N.23 AIR PUTIH,
229,29 May 2022,Subnational Statistics SLA N.01 OPAR,
229,29 May 2022,Subnational Statistics SLA N.33 KUALA PENYU,
229,29 May 2022,Subnational Statistics SLA N.28 SERI KEMBANGAN,
230,29 May 2022,Subnational Statistics SLA N.43 PERMAS,
230,29 May 2022,Subnational Statistics SLA N.14 TERUNTUM,
230,29 May 2022,Subnational Statistics SLA N.16 INDERAPURA,
230,29 May 2022,Subnational Statistics SLA N.39 MENGKEBANG,
230,29 May 2022,Subnational Statistics SLA N.41 MANEK URAI,
230,29 May 2022,Subnational Statistics SLA N.42 DABONG,
230,29 May 2022,Subnational Statistics SLA N.17 BUKIT KATIL,
230,29 May 2022,Subnational Statistics SLA N.18 AYER MOLEK,
230,29 May 2022,Subnational Statistics SLA N.04 TANJONG KAPOR,
230,29 May 2022,Subnational Statistics SLA N.11 TENDONG,
231,29 May 2022,Subnational Statistics SLA N.20 LUBOK MERBAU,
231,29 May 2022,Subnational Statistics SLA N.21 LINTANG,
231,29 May 2022,Subnational Statistics SLA N.22 JALONG,
231,29 May 2022,Key Findings Population and Housing Census of Malaysia 2020: State Melaka,
231,29 May 2022,Subnational Statistics SLA N.32 SIMANGGANG,
231,29 May 2022,Subnational Statistics SLA N.40 KABONG,
231,29 May 2022,Statistik Subnasional DUN N.31 LANCHANG,
231,29 May 2022,Key Findings Population and Housing Census of Malaysia 2020: Administrative District Pokok Sena,
231,29 May 2022,Subnational Statistics SLA N.21 DUYONG,
231,29 May 2022,Subnational Statistics SLA N.32 MENGLEMBU,
232,29 May 2022,Subnational Statistics SLA N.39 BELANJA,
232,29 May 2022,Subnational Statistics SLA N.44 SELAT KLANG,
232,29 May 2022,Subnational Statistics SLA N.45 BANDAR BARU KLANG,
232,29 May 2022,Key Findings Population and Housing Census of Malaysia 2020: Administrative District Dalat,
232,29 May 2022,Key Findings Population and Housing Census of Malaysia 2020: Administrative District Miri,
232,29 May 2022,Key Findings Population and Housing Census of Malaysia 2020: Administrative District Yan,
232,29 May 2022,Subnational Statistics SLA N.51 BUKIT ASSEK,
232,29 May 2022,Subnational Statistics SLA N.17 PENGKALAN KUNDOR,
232,29 May 2022,Subnational Statistics SLA N.17 SUNGAI LEMBING,
232,29 May 2022,Subnational Statistics SLA N.42 TIOMAN,
233,29 May 2022,Subnational Statistics SLA N.03 TANJONG DATU,
233,29 May 2022,Subnational Statistics SLA N.25 BUKIT BESI,
233,29 May 2022,Subnational Statistics SLA N.06 KUBU GAJAH,
233,29 May 2022,Subnational Statistics SLA N.60 KAKUS,
233,29 May 2022,Subnational Statistics SLA N.22 PARIT RAJA,
233,29 May 2022,Subnational Statistics SLA N.25 RIM,
233,29 May 2022,Subnational Statistics SLA N.33 PULAI CHONDONG,
233,29 May 2022,Subnational Statistics SLA N.53 BENUT,
233,29 May 2022,Subnational Statistics SLA N.02 KOTA PUTERA,
233,29 May 2022,Subnational Statistics SLA N.46 TEJA,
234,29 May 2022,Subnational Statistics SLA N.48 AYER KUNING,
234,29 May 2022,Subnational Statistics SLA N.49 SUNGAI MANIK,
234,29 May 2022,Subnational Statistics SLA N. 08 BAHAU,
234,29 May 2022,Subnational Statistics SLA N. 09 LENGGENG,
234,29 May 2022,Subnational Statistics SLA N. 17 SENALING,
234,29 May 2022,Subnational Statistics SLA N.13 WAKAF MEMPELAM,
234,29 May 2022,Subnational Statistics SLA N.30 KIJAL,
234,29 May 2022,Subnational Statistics SLA N.31 CUKAI,
234,29 May 2022,Subnational Statistics SLA N.21 PANTAI IRAMA,
234,29 May 2022,Subnational Statistics SLA N.72 MEROTAI,
235,29 May 2022,Subnational Statistics SLA N.29 SELISING,
235,29 May 2022,Subnational Statistics SLA N.23 CHINI,
235,29 May 2022,Subnational Statistics SLA N.02 JELAI,
235,29 May 2022,Statistik Subnasional DUN N.04 CHEKA,
235,29 May 2022,Key Findings Population and Housing Census of Malaysia 2020: Administrative District Muar,
235,29 May 2022,Key Findings Population and Housing Census of Malaysia 2020: Administrative District Segamat,
235,29 May 2022,Subnational Statistics SLA N.01 BULOH KASAP,
235,29 May 2022,Subnational Statistics SLA N.41 BATU TIGA,
235,29 May 2022,Subnational Statistics SLA N.27 JENDERAK,
235,29 May 2022,Subnational Statistics SLA N.28 KERDAU,
236,29 May 2022,Key Findings Population and Housing Census of Malaysia 2020: State Kelantan,
236,29 May 2022,Subnational Statistics SLA N.27 PENGKALAN KOTA,
236,29 May 2022,Key Findings Population and Housing Census of Malaysia 2020: Administrative District Bandar Baharu,
236,29 May 2022,Key Findings Population and Housing Census of Malaysia 2020: State Wilayah Persekutuan Putrajaya,
236,29 May 2022,Key Findings Population and Housing Census of Malaysia 2020: Administrative District Mukah,
236,29 May 2022,Subnational Statistics SLA N.30 PALOH,
236,29 May 2022,Subnational Statistics SLA N.34 PANTI,
236,29 May 2022,Subnational Statistics SLA N.41 PUTERI WANGSA,
236,29 May 2022,Subnational Statistics SLA N.44 LARKIN,
236,29 May 2022,Subnational Statistics SLA N.21 PERAMU JAYA,
237,29 May 2022,Subnational Statistics SLA N.08 BATU RAKIT,
237,29 May 2022,Subnational Statistics SLA N.14 BANDAR,
237,29 May 2022,Subnational Statistics SLA N.20 PENGKALAN BERANGAN,
237,29 May 2022,Subnational Statistics SLA N.22 MANIR,
237,29 May 2022,Subnational Statistics SLA N.32 AIR PUTIH,
237,29 May 2022,Subnational Statistics SLA N.28 BERCHAM,
237,29 May 2022,Subnational Statistics SLA N.38 KALAKA,
237,29 May 2022,Subnational Statistics SLA N.42 SEMOP,
237,29 May 2022,Subnational Statistics SLA N.33 TAMAN MEDAN,
237,29 May 2022,Subnational Statistics SLA N.43 SEMENTA,
238,29 May 2022,Subnational Statistics SLA N. 31 BAGAN PINANG,
238,29 May 2022,Subnational Statistics SLA N. 25 PAROI,
238,29 May 2022,Subnational Statistics SLA N. 26 CHEMBONG,
238,29 May 2022,Subnational Statistics SLA N.02 SABAK,
238,29 May 2022,Subnational Statistics SLA N.05 HULU BERNAM,
238,29 May 2022,Subnational Statistics SLA N.07 BATANG KALI,
238,29 May 2022,Subnational Statistics SLA N.58 LAMAG,
238,29 May 2022,Subnational Statistics SLA N.60 TUNGKU,
238,29 May 2022,Key Findings Population and Housing Census of Malaysia 2020: Administrative District Tuaran,
238,29 May 2022,Key Findings Population and Housing Census of Malaysia 2020: Administrative District Pitas,
239,29 May 2022,Key Findings Population and Housing Census of Malaysia 2020: Administrative District Nabawan,
239,29 May 2022,Subnational Statistics SLA N.13 PANTAI DALIT,
239,29 May 2022,Subnational Statistics SLA N.19 YONG PENG,
239,29 May 2022,Subnational Statistics SLA N.38 KUALA BALAH,
239,29 May 2022,Subnational Statistics SLA N.40 GUCHIL,
239,29 May 2022,Subnational Statistics SLA N.16 AYER KEROH,
239,29 May 2022,Key Findings Population and Housing Census of Malaysia 2020: Administrative District Limbang,
239,29 May 2022,Key Findings Population and Housing Census of Malaysia 2020: Administrative District Samarahan,
239,29 May 2022,Key Findings Population and Housing Census of Malaysia 2020: Administrative District Subis,
239,29 May 2022,Subnational Statistics SLA N.58 BALINGIAN,
240,29 May 2022,Subnational Statistics SLA N.27 SEBUYAU,
240,29 May 2022,Subnational Statistics SLA N.14 SIMPANG EMPAT,
240,29 May 2022,Subnational Statistics SLA N.04 AYER HITAM,
240,29 May 2022,Subnational Statistics SLA N.07 KUALA NERANG,
240,29 May 2022,Subnational Statistics SLA N.09 BUKIT LADA,
240,29 May 2022,Subnational Statistics SLA N.11 DERGA,
240,29 May 2022,Subnational Statistics SLA N.13 KOTA DARUL AMAN,
240,29 May 2022,Subnational Statistics SLA N.15 ANAK BUKIT,
240,29 May 2022,Subnational Statistics SLA N.16 KUBANG ROTAN,
240,29 May 2022,Subnational Statistics SLA N.49 NGEMAH,
241,29 May 2022,Subnational Statistics SLA N.02 KUAH,
241,29 May 2022,Subnational Statistics SLA N.03 KOTA SIPUTEH,
241,29 May 2022,Subnational Statistics SLA N.05 BUKIT KAYU HITAM,
241,29 May 2022,Subnational Statistics SLA N.06 JITRA,
241,29 May 2022,Subnational Statistics SLA N.08 PEDU,
241,29 May 2022,Subnational Statistics SLA N.10 BUKIT PINANG,
241,29 May 2022,Subnational Statistics SLA N.12 SUKA MENANTI,
241,29 May 2022,Subnational Statistics SLA N.14 ALOR MENGKUDU,
241,29 May 2022,Subnational Statistics SLA N.18 TOKAI,
241,29 May 2022,Subnational Statistics SLA N.19 SUNGAI TIANG,
242,29 May 2022,Subnational Statistics SLA N.12 KOTA SENTOSA,
242,29 May 2022,Subnational Statistics SLA N.14 BATU KAWAH,
242,29 May 2022,Subnational Statistics SLA N.18 SEREMBU,
242,29 May 2022,Subnational Statistics SLA N.21 TEBEDU,
242,29 May 2022,Subnational Statistics SLA N.56 KUKUP,
242,29 May 2022,Subnational Statistics SLA N.44 TULID,
242,29 May 2022,Subnational Statistics SLA N.59 BEHRANG,
242,29 May 2022,Subnational Statistics SLA N.03 AYER LIMAU,
242,29 May 2022,Subnational Statistics SLA N.48 SENTOSA,
242,29 May 2022,Subnational Statistics SLA N.09 DURIAN TUNGGAL,
243,29 May 2022,Subnational Statistics SLA N.10 ASAHAN,
243,29 May 2022,Subnational Statistics SLA N.14 KELEBANG,
243,29 May 2022,Subnational Statistics SLA N.45 GALAS,
243,29 May 2022,Subnational Statistics SLA N.26 GEDONG,
243,29 May 2022,Subnational Statistics SLA N.30 BALAI RINGIN,
243,29 May 2022,Subnational Statistics SLA N.53 BAWANG ASSAN,
243,29 May 2022,Subnational Statistics SLA N.37 KARANAAN,
243,29 May 2022,Subnational Statistics SLA N.24 SEMENYIH,
243,29 May 2022,Subnational Statistics SLA N.29 SERI SERDANG,
243,29 May 2022,Subnational Statistics SLA N.09 TAHAN,
244,29 May 2022,Key Findings Population and Housing Census of Malaysia 2020: State Pahang,
244,29 May 2022,Key Findings Population and Housing Census of Malaysia 2020: State Perak,
244,29 May 2022,Subnational Statistics SLA N.03 PEMANIS,
244,29 May 2022,Subnational Statistics SLA N.06 BEKOK,
244,29 May 2022,Subnational Statistics SLA N.07 BUKIT KEPONG,
244,29 May 2022,Subnational Statistics SLA N.10 TANGKAK,
244,29 May 2022,Subnational Statistics SLA N.50 KAMPONG GAJAH,
244,29 May 2022,Subnational Statistics SLA N.69 KEMENA,
244,29 May 2022,Subnational Statistics SLA N.70 SAMALAJU,
244,29 May 2022,Subnational Statistics SLA N.73 PIASAU,
245,29 May 2022,Subnational Statistics SLA N.74 PUJUT,
245,29 May 2022,Subnational Statistics SLA N.76 MARUDI,
245,29 May 2022,Subnational Statistics SLA N. 18 PILAH,
245,29 May 2022,Subnational Statistics SLA N. 32 LINGGI,
245,29 May 2022,Subnational Statistics SLA N.08 BAGAN JERMAL,
245,29 May 2022,Subnational Statistics SLA N.13 BERAPIT,
245,29 May 2022,Subnational Statistics SLA N.33 BILUT,
245,29 May 2022,Subnational Statistics SLA N.07 BATU KURAU,
245,29 May 2022,Subnational Statistics SLA N.11 GUNONG SEMANGGOL,
245,29 May 2022,Subnational Statistics SLA N.03 CHUPING,
246,29 May 2022,Subnational Statistics SLA N.04 MATA AYER,
246,29 May 2022,Subnational Statistics SLA N.09 KUALA PERLIS,
246,29 May 2022,Subnational Statistics SLA N.10 KAYANG,
246,29 May 2022,Subnational Statistics SLA N.11 PAUH,
246,29 May 2022,Subnational Statistics SLA N.12 TAMBUN TULANG,
246,29 May 2022,Subnational Statistics SLA N.13 GUAR SANJI,
246,29 May 2022,Subnational Statistics SLA N.15 SANGLANG,
246,29 May 2022,Subnational Statistics SLA N.04 HULU BESUT,
246,29 May 2022,Subnational Statistics SLA N.30 MENTAKAB,
246,29 May 2022,Subnational Statistics SLA N.17 GOMBAK SETIA,
247,29 May 2022,Subnational Statistics SLA N.49 SUNGAI KANDIS,
247,29 May 2022,Subnational Statistics SLA N.56 SUNGAI PELEK,
247,29 May 2022,Subnational Statistics SLA N.35 SABAI,
247,29 May 2022,Subnational Statistics SLA N.31 BUKIT BEGUNAN,
247,29 May 2022,Subnational Statistics SLA N.37 BUKIT SABAN,
247,29 May 2022,Subnational Statistics SLA N.09 GAMBIR,
247,29 May 2022,Subnational Statistics SLA N.66 BUGAYA,
247,29 May 2022,Subnational Statistics SLA N.69 SRI TANJONG,
247,29 May 2022,Subnational Statistics SLA N.70 KUKUSAN,
247,29 May 2022,Subnational Statistics SLA N.42 JOHOR JAYA,
248,29 May 2022,Key Findings Population and Housing Census of Malaysia 2020: Administrative District Kerian,
248,29 May 2022,Key Findings Population and Housing Census of Malaysia 2020: Administrative District Timur Laut,
248,29 May 2022,Key Findings Population and Housing Census of Malaysia 2020: Administrative District Barat Daya,
248,29 May 2022,Key Findings Population and Housing Census of Malaysia 2020: Administrative District Rompin,
248,29 May 2022,Subnational Statistics SLA N.15 ASAJAYA,
248,29 May 2022,Subnational Statistics SLA N.16 MUARA TUANG,
248,29 May 2022,Subnational Statistics SLA N.20 TARAT,
248,29 May 2022,Subnational Statistics SLA N.22 KEDUP,
248,29 May 2022,Subnational Statistics SLA N.03 PINANG TUNGGAL,
248,29 May 2022,Subnational Statistics SLA N.03 BERTAM,
249,29 May 2022,Subnational Statistics SLA N.35 MANONG,
249,29 May 2022,Subnational Statistics SLA N.53 MORIB,
249,29 May 2022,Subnational Statistics SLA N.51 SIJANGKANG,
249,29 May 2022,Subnational Statistics SLA N.36 BUKIT BUNGA,
249,29 May 2022,Subnational Statistics SLA N.43 NENGGIRI,
249,29 May 2022,Subnational Statistics SLA N. 34 GEMAS,
249,29 May 2022,Subnational Statistics SLA N. 35 GEMENCHEH,
249,29 May 2022,Subnational Statistics SLA N. 27 RANTAU,
249,29 May 2022,Subnational Statistics SLA N. 22 RAHANG,
249,29 May 2022,Subnational Statistics SLA N. 23 MAMBAU,
250,29 May 2022,Subnational Statistics SLA N. 24 SEREMBAN JAYA,
250,29 May 2022,Subnational Statistics SLA N. 06 PALONG,
250,29 May 2022,Subnational Statistics SLA N. 13 SIKAMAT,
250,29 May 2022,Subnational Statistics SLA N. 14 AMPANGAN,
250,29 May 2022,Subnational Statistics SLA N.21 PANDAN INDAH,
250,29 May 2022,Subnational Statistics SLA N.18 SRI MEDAN,
250,29 May 2022,Key Findings Population and Housing Census of Malaysia 2020: State Wilayah Persekutuan Kuala Lumpur,
250,29 May 2022,Key Findings Population and Housing Census of Malaysia 2020: State Wilayah Persekutuan Labuan,
250,29 May 2022,Key Findings Population and Housing Census of Malaysia 2020: Administrative District Batu Pahat,
250,29 May 2022,Key Findings Population and Housing Census of Malaysia 2020: Administrative District Johor Bahru,
251,29 May 2022,Key Findings Population and Housing Census of Malaysia 2020: Administrative District Kluang,
251,29 May 2022,Key Findings Population and Housing Census of Malaysia 2020: Administrative District Kota Tinggi,
251,29 May 2022,Key Findings Population and Housing Census of Malaysia 2020: Administrative District Telupid,
251,29 May 2022,Subnational Statistics SLA N.14 CHETOK,
251,29 May 2022,Subnational Statistics SLA N.15 LADANG,
251,29 May 2022,Subnational Statistics SLA N.07 SUNGAI PUYU,
251,29 May 2022,Key Findings Population and Housing Census of Malaysia 2020: Malaysia,
251,29 May 2022,Key Findings Population and Housing Census of Malaysia 2020: Administrative District Ulu Langat,
251,29 May 2022,Key Findings Population and Housing Census of Malaysia 2020: Administrative District Dungun,
251,29 May 2022,Subnational Statistics SLA N.10 BULUH GADING,
252,29 May 2022,Subnational Statistics SLA N.28 LINGGA,
252,29 May 2022,Subnational Statistics SLA N.29 BETING MARO,
252,29 May 2022,Subnational Statistics SLA N.35 SARIBAS,
252,29 May 2022,Subnational Statistics SLA N.39 KRIAN,
252,29 May 2022,Subnational Statistics SLA N.24 HULU KINTA,
252,29 May 2022,Subnational Statistics SLA N.11 IJOK,
252,29 May 2022,Subnational Statistics SLA N.13 KUANG,
252,29 May 2022,Subnational Statistics SLA N.08 SUNGAI BURONG,
252,29 May 2022,Subnational Statistics SLA N.44 JEMORENG,
252,29 May 2022,Subnational Statistics SLA N.47 PANDAMARAN,
253,29 May 2022,Key Findings Population and Housing Census of Malaysia 2020: Administrative District Beaufort,
253,29 May 2022,Subnational Statistics SLA N.17 STAKAN,
253,29 May 2022,Subnational Statistics SLA N.19 MAMBONG,
253,29 May 2022,Subnational Statistics SLA N.15 TAMAN TEMPLER,
253,29 May 2022,Subnational Statistics SLA N.29 PANTAI MANIS,
253,29 May 2022,Subnational Statistics SLA N.62 SILAM,
253,29 May 2022,Subnational Statistics SLA N.03 PITAS,
253,29 May 2022,Subnational Statistics SLA N.27 LAYANG-LAYANG,
253,29 May 2022,Subnational Statistics SLA N.31 KAHANG,
253,29 May 2022,Subnational Statistics SLA N.49 KOTA ISKANDAR,
254,29 May 2022,Subnational Statistics SLA N.51 BUKIT BATU,
254,29 May 2022,Subnational Statistics SLA N.08 PINTASAN,
254,29 May 2022,Key Findings Population and Housing Census of Malaysia 2020: Administrative District Sibu,
254,29 May 2022,Subnational Statistics SLA N.13 BATU KITANG,
254,29 May 2022,Subnational Statistics SLA N.23 BUKIT SEMUJA,
254,29 May 2022,Subnational Statistics SLA N.24 SADONG JAYA,
254,29 May 2022,Subnational Statistics SLA N.25 SIMUNJAN,
254,29 May 2022,Key Findings Population and Housing Census of Malaysia 2020: Administrative District Beluran,
254,29 May 2022,Subnational Statistics SLA N.06 REMBIA,
254,29 May 2022,Subnational Statistics SLA N.07 GADEK,
255,29 May 2022,Subnational Statistics SLA N.27 MERLIMAU,
255,29 May 2022,Subnational Statistics SLA N.28 SUNGAI RAMBAI,
255,29 May 2022,Subnational Statistics SLA N.64 BALEH,
255,29 May 2022,Subnational Statistics SLA N.15 PADANG LALANG,
255,29 May 2022,Subnational Statistics SLA N.16 PERAI,
255,29 May 2022,Subnational Statistics SLA N.17 BUKIT TENGAH,
255,29 May 2022,Subnational Statistics SLA N.21 SUNGAI ACHEH,
255,29 May 2022,Subnational Statistics SLA N.22 TANJONG BUNGA,
255,29 May 2022,Subnational Statistics SLA N.36 PELANGAI,
255,29 May 2022,Subnational Statistics SLA N.25 KUALA SENTUL,
256,29 May 2022,Key Findings Population and Housing Census of Malaysia 2020: Administrative District Sri Aman,
256,29 May 2022,Subnational Statistics SLA N.01 KUALA BESUT,
256,29 May 2022,Subnational Statistics SLA N.18 BUKIT PAYUNG,
256,29 May 2022,Subnational Statistics SLA N.06 PERMAISURI,
256,29 May 2022,Subnational Statistics SLA N.21 LUYANG,
256,29 May 2022,Subnational Statistics SLA N.34 TEMANGAN,
256,29 May 2022,Subnational Statistics SLA N.25 RENGIT,
256,29 May 2022,Subnational Statistics SLA N.26 MACHAP,
256,29 May 2022,Subnational Statistics SLA N.39 KEMAYAN,
256,29 May 2022,Key Findings Population and Housing Census of Malaysia 2020: State Kedah,
257,29 May 2022,Subnational Statistics SLA N.28 KOMTAR,
257,29 May 2022,Subnational Statistics SLA N.30 SUNGAI PINANG,
257,29 May 2022,Subnational Statistics SLA N.31 BATU LANCANG,
257,29 May 2022,Subnational Statistics SLA N.40 BUKIT IBAM,
257,29 May 2022,Key Findings Population and Housing Census of Malaysia 2020: Administrative District Pusa,
257,29 May 2022,Subnational Statistics SLA N.39 TAMBUNAN,
257,29 May 2022,Subnational Statistics SLA N.06 TELOK AYER TAWAR,
257,29 May 2022,Subnational Statistics SLA N.08 DONG,
257,29 May 2022,Subnational Statistics SLA N.11 PULAU TAWAR,
257,29 May 2022,Subnational Statistics SLA N. 33 SRI TANJUNG,
258,29 May 2022,Subnational Statistics SLA N.52 BANTING,
258,29 May 2022,Subnational Statistics SLA N.54 TANJONG SEPAT,
258,29 May 2022,Key Findings Population and Housing Census of Malaysia 2020: Administrative District Hulu Terengganu,
258,29 May 2022,Key Findings Population and Housing Census of Malaysia 2020: Administrative District Sebauh,
258,29 May 2022,Key Findings Population and Housing Census of Malaysia 2020: Administrative District Lawas,
258,29 May 2022,Key Findings Population and Housing Census of Malaysia 2020: Administrative District Julau,
258,29 May 2022,Key Findings Population and Housing Census of Malaysia 2020: Administrative District Kapit,
258,29 May 2022,Key Findings Population and Housing Census of Malaysia 2020: Administrative District Machang,
258,29 May 2022,Subnational Statistics SLA N.23 KUALA BERANG,
258,29 May 2022,Subnational Statistics SLA N. 19 JOHOL,
259,29 May 2022,Subnational Statistics SLA N. 20 LABU,
259,29 May 2022,Key Findings Population and Housing Census of Malaysia 2020: Administrative District Penampang,
259,29 May 2022,Key Findings Population and Housing Census of Malaysia 2020: Administrative District Papar,
259,29 May 2022,Subnational Statistics SLA N.71 BEKENU,
259,29 May 2022,Subnational Statistics SLA N.82 BUKIT SARI,
259,29 May 2022,Subnational Statistics SLA N.05 TABOH NANING,
259,29 May 2022,Subnational Statistics SLA N.32 KUALA SEMANTAN,
259,29 May 2022,Key Findings Population and Housing Census of Malaysia 2020: Administrative District Kuching,
259,29 May 2022,Key Findings Population and Housing Census of Malaysia 2020: Administrative District Lundu,
259,29 May 2022,Key Findings Population and Housing Census of Malaysia 2020: Administrative District Lubok Antu,
260,29 May 2022,Key Findings Population and Housing Census of Malaysia 2020: Administrative District Matu,
260,29 May 2022,Subnational Statistics SLA N.31 SUBANG JAYA,
260,29 May 2022,Subnational Statistics SLA N.44 PALOH,
260,29 May 2022,Subnational Statistics SLA N.09 BAGAN DALAM,
260,29 May 2022,Subnational Statistics SLA N.11 PERMATANG PASIR,
260,29 May 2022,Subnational Statistics SLA N.10 SEBERANG JAYA,
260,29 May 2022,Key Findings Population and Housing Census of Malaysia 2020: Administrative District Sabak Bernam,
260,29 May 2022,Key Findings Population and Housing Census of Malaysia 2020: Administrative District Belaga,
260,29 May 2022,Key Findings Population and Housing Census of Malaysia 2020: Administrative District Beluru,
260,29 May 2022,Subnational Statistics SLA N.18 PASIR TUMBOH,
261,29 May 2022,Subnational Statistics SLA N.19 DEMIT,
261,29 May 2022,Subnational Statistics SLA N.39 PULAU BETONG,
261,29 May 2022,Subnational Statistics SLA N. 21 BUKIT KEPAYANG,
261,29 May 2022,Subnational Statistics SLA N.23 PETAGAS,
261,29 May 2022,Subnational Statistics SLA N.12 PENGKALAN PASIR,
261,29 May 2022,Subnational Statistics SLA N.53 RUNGKUP,
261,29 May 2022,Subnational Statistics SLA N.40 KOTA ANGGERIK,
261,29 May 2022,Subnational Statistics SLA N.04 LENDU,
261,29 May 2022,Subnational Statistics SLA N.13 KUALA SEPETANG,
261,29 May 2022,Subnational Statistics SLA N.24 LUIT,
262,29 May 2022,Key Findings Population and Housing Census of Malaysia 2020: Administrative District Selama,
262,29 May 2022,Key Findings Population and Housing Census of Malaysia 2020: Administrative District Gombak,
262,29 May 2022,Key Findings Population and Housing Census of Malaysia 2020: Administrative District Kalabakan,
262,29 May 2022,Key Findings Population and Housing Census of Malaysia 2020: Administrative District Sepang,
262,29 May 2022,Key Findings Population and Housing Census of Malaysia 2020: Administrative District Besut,
262,29 May 2022,Key Findings Population and Housing Census of Malaysia 2020: Administrative District Tanjung Manis,
262,29 May 2022,Subnational Statistics SLA N.45 REPOK,
262,29 May 2022,Subnational Statistics SLA N.46 MERADONG,
262,29 May 2022,Subnational Statistics SLA N.47 PAKAN,
262,29 May 2022,Subnational Statistics SLA N.26 CHENOR,
263,29 May 2022,Subnational Statistics SLA N.54 KARAMUNTING,
263,29 May 2022,Subnational Statistics SLA N.56 TANJONG PAPAT,
263,29 May 2022,Subnational Statistics SLA N.20 PULAU MANIS,
263,29 May 2022,Subnational Statistics SLA N. 01 CHENNAH,
263,29 May 2022,Subnational Statistics SLA N. 03 SUNGAI LUI,
263,29 May 2022,Subnational Statistics SLA N. 05 SERTING,
263,29 May 2022,Subnational Statistics SLA N.25 KAPAYAN,
263,29 May 2022,Subnational Statistics SLA N.15 GUAL PERIOK,
263,29 May 2022,Subnational Statistics SLA N.16 APAM PUTRA,
263,29 May 2022,Subnational Statistics SLA N.17 SALOR,
264,29 May 2022,Key Findings Population and Housing Census of Malaysia 2020: Administrative District Bintulu,
264,29 May 2022,Key Findings Population and Housing Census of Malaysia 2020: Administrative District Telang Usan,
264,29 May 2022,Key Findings Population and Housing Census of Malaysia 2020: Administrative District Kanowit,
264,29 May 2022,Key Findings Population and Housing Census of Malaysia 2020: Administrative District Song,
264,29 May 2022,Key Findings Population and Housing Census of Malaysia 2020: Administrative District Simunjan,
264,29 May 2022,Key Findings Population and Housing Census of Malaysia 2020: Administrative District Bukit Mabong,
264,29 May 2022,Key Findings Population and Housing Census of Malaysia 2020: Administrative District Kuala Terengganu,
264,29 May 2022,Subnational Statistics SLA N.24 BEMBAN,
264,29 May 2022,Subnational Statistics SLA N.24 SENGGARANG,
264,29 May 2022,Key Findings Population and Housing Census of Malaysia 2020: Administrative District Hulu Perak,
265,29 May 2022,Key Findings Population and Housing Census of Malaysia 2020: Administrative District Klang,
265,29 May 2022,Key Findings Population and Housing Census of Malaysia 2020: Administrative District Petaling,
265,29 May 2022,Key Findings Population and Housing Census of Malaysia 2020: Administrative District Lipis,
265,29 May 2022,Key Findings Population and Housing Census of Malaysia 2020: Administrative District Raub,
265,29 May 2022,Key Findings Population and Housing Census of Malaysia 2020: Administrative District Kuantan,
265,29 May 2022,Key Findings Population and Housing Census of Malaysia 2020: Administrative District Bera,
265,29 May 2022,Key Findings Population and Housing Census of Malaysia 2020: Administrative District Melaka Tengah,
265,29 May 2022,Subnational Statistics SLA N.32 KLIAS,
265,29 May 2022,Subnational Statistics SLA N.05 JABI,
265,29 May 2022,Subnational Statistics SLA N.45 SIMPANG PULAI,
266,29 May 2022,Subnational Statistics SLA N.51 PASIR PANJANG,
266,29 May 2022,Subnational Statistics SLA N.34 BATANG AI,
266,29 May 2022,Subnational Statistics SLA N.36 LAYAR,
266,29 May 2022,Subnational Statistics SLA N.01 TITI TINGGI,
266,29 May 2022,Subnational Statistics SLA N.05 SANTAN,
266,29 May 2022,Subnational Statistics SLA N.06 BINTONG,
266,29 May 2022,Subnational Statistics SLA N.07 SENA,
266,29 May 2022,Subnational Statistics SLA N.08 INDERA KAYANGAN,
266,29 May 2022,Subnational Statistics SLA N.79 BUKIT KOTA,
266,29 May 2022,Subnational Statistics SLA N.80 BATU DANAU,
267,29 May 2022,Subnational Statistics SLA N.81 BA`KELALAN,
267,29 May 2022,Subnational Statistics SLA N.16 KAMUNTING,
267,29 May 2022,Subnational Statistics SLA N.17 POKOK ASSAM,
267,29 May 2022,Subnational Statistics SLA N.18 AULONG,
267,29 May 2022,Subnational Statistics SLA N.19 CHENDEROH,
267,29 May 2022,Subnational Statistics SLA N.25 CANNING,
267,29 May 2022,Subnational Statistics SLA N.14 BUKIT NANING,
267,29 May 2022,Key Findings Population and Housing Census of Malaysia 2020: Administrative District Kota Belud,
267,29 May 2022,Subnational Statistics SLA N.01 PENGKALAN HULU,
267,29 May 2022,Subnational Statistics SLA N.33 ENGKILILI,
268,29 May 2022,Subnational Statistics SLA N.05 MATUNGGONG,
268,29 May 2022,Subnational Statistics SLA N.12 BUKIT TUNGGAL,
268,29 May 2022,Subnational Statistics SLA N.59 TAMIN,
268,29 May 2022,Subnational Statistics SLA N.77 TELANG USAN,
268,29 May 2022,Subnational Statistics SLA N.11 SEROM,
268,29 May 2022,Subnational Statistics SLA N.15 MAHARANI,
268,29 May 2022,Subnational Statistics SLA N.43 TUALANG SEKAH,
268,29 May 2022,Subnational Statistics SLA N.07 TRAS,
268,29 May 2022,Subnational Statistics SLA N.10 DAMAK,
268,29 May 2022,Subnational Statistics SLA N.16 SUNGAI TUA,
269,29 May 2022,Subnational Statistics SLA N.55 PASIR BEDAMAR,
269,29 May 2022,Key Findings Population and Housing Census of Malaysia 2020: Administrative District Sik,
269,29 May 2022,Subnational Statistics SLA N.37 AIR LANAS,
269,29 May 2022,Subnational Statistics SLA N.12 PANTAI KUNDOR,
269,29 May 2022,Subnational Statistics SLA N.37 JOHOR LAMA,
269,29 May 2022,Subnational Statistics SLA N.39 TANJUNG SURAT,
269,29 May 2022,Subnational Statistics SLA N.45 STULANG,
269,29 May 2022,Subnational Statistics SLA N.46 PERLING,
269,29 May 2022,Subnational Statistics SLA N.48 SKUDAI,
269,29 May 2022,Subnational Statistics SLA N.50 BUKIT PERMAI,
270,29 May 2022,Subnational Statistics SLA N.22 TANJONG ARU,
270,29 May 2022,Subnational Statistics SLA N.13 MERANTI,
270,29 May 2022,Subnational Statistics SLA N.23 MELOR,
270,29 May 2022,Subnational Statistics SLA N.25 KOK LANAS,
270,29 May 2022,Subnational Statistics SLA N.27 GUAL IPOH,
270,29 May 2022,Subnational Statistics SLA N.36 SEDILI,
270,29 May 2022,Key Findings Population and Housing Census of Malaysia 2020: Administrative District Larut dan Matang,
270,29 May 2022,Key Findings Population and Housing Census of Malaysia 2020: Administrative District Jerantut,
270,29 May 2022,Subnational Statistics SLA N.26 RANTAU ABANG,
270,29 May 2022,Subnational Statistics SLA N.27 SURA,
271,29 May 2022,Key Findings Population and Housing Census of Malaysia 2020: Administrative District Tatau,
271,29 May 2022,Key Findings Population and Housing Census of Malaysia 2020: Administrative District Daro,
271,29 May 2022,Key Findings Population and Housing Census of Malaysia 2020: Administrative District Sarikei,
271,29 May 2022,Key Findings Population and Housing Census of Malaysia 2020: Administrative District Kuala Kangsar,
271,29 May 2022,Key Findings Population and Housing Census of Malaysia 2020: Administrative District Maran,
271,29 May 2022,Key Findings Population and Housing Census of Malaysia 2020: Administrative District Port Dickson,
271,29 May 2022,Key Findings Population and Housing Census of Malaysia 2020: Administrative District Jeli,
271,27 May 2022,"Monthly External Trade Statistics, Malaysia",
271,27 May 2022,"Malaysian Economic Statistics Review (MESR), Volume 5/2022",
271,26 May 2022,"Business Tendency Survey Report, Malaysia",
272,25 May 2022,"Consumer Price Index, Malaysia",
272,25 May 2022,"Malaysia Economic Indicator - Leading, Coincident and Lagging Indices",
272,20 May 2022,Labour Market Review (LMR),
272,19 May 2022,Labour Productivity,
272,13 May 2022,"Annual National Accounts Gross Domestic Product (GDP), Malaysia",
272,13 May 2022,"Quarterly Balance of Payments, Malaysia",
272,13 May 2022,Quarterly International Investment Position,
272,13 May 2022,"Quarterly National Account - Gross Domestic Product, Malaysia",
272,12 May 2022,Quarterly Volume Index of Services,
272,12 May 2022,Quarterly Volume Index of Wholesale & Retail Trade,
273,12 May 2022,"Quarterly Services Statistics, Malaysia",
273,12 May 2022,Performance of Wholesale & Retail Trade,
273,11 May 2022,Quarterly Construction Statistics,
273,11 May 2022,"Monthly Rubber Statistics, Malaysia",
273,11 May 2022,"Special Release 2 - For Building and Structural Works, Peninsular Malaysia",
273,11 May 2022,"Special Release 1 - For Civil Engineering Works, Sabah and Sarawak",
273,11 May 2022,Special Release 3 - For Mechanical and Electrical Works,
273,11 May 2022,"Special Release 1 - For Civil Engineering Works, Peninsular Malaysia",
273,11 May 2022,"Special Release 2 - For Building and Structural Works, Sabah and Sarawak",
273,11 May 2022,Employment Statistics,
274,10 May 2022,"Monthly Principal Statistics of Labour Force, Malaysia",
274,10 May 2022,"Index of Industrial Production, Malaysia",
274,10 May 2022,"Monthly Manufacturing Statistics, Malaysia",
274,10 May 2022,"Quarterly Report Of Labour Force Survey, Malaysia",
274,9 May 2022,Services Producer Price Index,
274,29 April 2022,"Environment Statistics, Perak",
274,29 April 2022,"Environment Statistics, Perlis",
274,29 April 2022,"Environment Statistics, Melaka",
274,29 April 2022,"Environment Statistics, Kedah",
274,29 April 2022,"Environment Statistics, Johor",
275,29 April 2022,"External Trade Indices, Malaysia",
275,29 April 2022,"Monthly Statistical Bulletin, Malaysia",
275,29 April 2022,"Environment Statistics, Terengganu",
275,29 April 2022,"Environment Statistics, Selangor",
275,29 April 2022,"Environment Statistics, Pahang",
275,29 April 2022,"Environment Statistics, Wilayah Persekutuan",
275,29 April 2022,"Environment Statistics, Sabah",
275,29 April 2022,"Environment Statistics, Negeri Sembilan",
275,29 April 2022,"Environment Statistics, Kelantan",
275,29 April 2022,"Environment Statistics, Sarawak",
276,29 April 2022,"Environment Statistics, Pulau Pinang",
276,29 April 2022,"External Trade Indices, March 2022",3015
276,28 April 2022,ICT Use and Access by Individuals and Households Survey Report,
276,28 April 2022,Producer Price Index Malaysia - Local Production,
276,28 April 2022,"Monthly External Trade Statistics, Malaysia",
276,27 April 2022,"Labour Force Survey Report, Malaysia",
276,27 April 2022,"Malaysian Economic Statistics Review (MESR), Volume 4/2022",
276,25 April 2022,"Malaysia Economic Indicator - Leading, Coincident and Lagging Indices",
276,22 April 2022,"Consumer Price Index, Malaysia",
276,15 April 2022,"Monthly Rubber Statistics, Malaysia",
277,11 April 2022,"Index of Industrial Production, Malaysia",
277,11 April 2022,Performance of Wholesale & Retail Trade,
277,11 April 2022,"Monthly Manufacturing Statistics, Malaysia",
277,8 April 2022,"Special Release 1 - For Civil Engineering Works, Peninsular Malaysia",
277,8 April 2022,"Special Release 2 - For Building and Structural Works, Peninsular Malaysia",
277,8 April 2022,"Monthly Principal Statistics of Labour Force, Malaysia",
277,8 April 2022,Special Release 3 - For Mechanical and Electrical Works,
277,8 April 2022,"Special Release 2 - For Building and Structural Works, Sabah and Sarawak",
277,8 April 2022,"Special Release 1 - For Civil Engineering Works, Sabah and Sarawak",
277,4 April 2022,"External Trade Indices, Malaysia",
278,4 April 2022,"External Trade Indices, February 2022",3017
278,31 March 2022,"Monthly Statistical Bulletin, Malaysia",
278,31 March 2022,"Malaysian Economic Statistics Review (MESR), Volume 3/2022",
278,29 March 2022,Producer Price Index Malaysia - Local Production,
278,28 March 2022,"Monthly External Trade Statistics, Malaysia",
278,25 March 2022,"Malaysia Economic Indicator - Leading, Coincident and Lagging Indices",
278,25 March 2022,"Consumer Price Index, Malaysia",
278,22 March 2022,Malaysia Handbook Measuring Labour Productivity,
278,15 March 2022,"Monthly Rubber Statistics, Malaysia",
278,11 March 2022,"Index of Industrial Production, Malaysia",
279,11 March 2022,"Monthly Manufacturing Statistics, Malaysia",
279,11 March 2022,Performance of Wholesale & Retail Trade,
279,10 March 2022,Special Release 3 - For Mechanical and Electrical Works,
279,10 March 2022,"Special Release 2 - For Building and Structural Works, Sabah and Sarawak",
279,10 March 2022,"Special Release 1 - For Civil Engineering Works, Sabah and Sarawak",
279,10 March 2022,"Special Release 2 - For Building and Structural Works, Peninsular Malaysia",
279,10 March 2022,"Special Release 1 - For Civil Engineering Works, Peninsular Malaysia",
279,9 March 2022,"Monthly Principal Statistics of Labour Force, Malaysia",
279,4 March 2022,"External Trade Indices, Malaysia",
279,4 March 2022,"External Trade Indices, January 2022",3019
280,28 February 2022,Subnational Statistics PARLIAMENT AND SLA P.155 TENGGARA,
280,28 February 2022,Subnational Statistics PARLIAMENT AND SLA P.157 PENGERANG,
280,28 February 2022,Subnational Statistics PARLIAMENT AND SLA P.158 TEBRAU,
280,28 February 2022,Subnational Statistics PARLIAMENT AND SLA P.163 KULAI,
280,28 February 2022,Subnational Statistics PARLIAMENT AND SLA P.108 SHAH ALAM,
280,28 February 2022,Subnational Statistics PARLIAMENT AND SLA P.105 PETALING JAYA,
280,28 February 2022,Subnational Statistics PARLIAMENT AND SLA P.099 AMPANG,
280,28 February 2022,Subnational Statistics PARLIAMENT AND SLA P.100 PANDAN,
280,28 February 2022,Subnational Statistics PARLIAMENT AND SLA P.154 MERSING,
280,28 February 2022,Subnational Statistics PARLIAMENT AND SLA P.160 JOHOR BAHRU,
281,28 February 2022,Subnational Statistics PARLIAMENT AND SLA P.170 TUARAN,
281,28 February 2022,Subnational Statistics PARLIAMENT AND SLA P.178 SIPITANG,
281,28 February 2022,Subnational Statistics PARLIAMENT AND SLA P.179 RANAU,
281,28 February 2022,Subnational Statistics PARLIAMENT AND SLA P.181 TENOM,
281,28 February 2022,Subnational Statistics PARLIAMENT AND SLA P.186 SANDAKAN,
281,28 February 2022,Subnational Statistics PARLIAMENT AND SLA P.206 TANJONG MANIS,
281,28 February 2022,Subnational Statistics PARLIAMENT AND SLA P.212 SIBU,
281,28 February 2022,Subnational Statistics PARLIAMENT AND SLA P.075 BAGAN DATUK,
281,28 February 2022,Subnational Statistics PARLIAMENT AND SLA P.072 TAPAH,
281,28 February 2022,Subnational Statistics PARLIAMENT AND SLA P.037 MARANG,
282,28 February 2022,Subnational Statistics PARLIAMENT AND SLA P.177 BEAUFORT,
282,28 February 2022,Subnational Statistics PARLIAMENT AND SLA P.171 SEPANGGAR,
282,28 February 2022,Subnational Statistics PARLIAMENT AND SLA P.002 KANGAR,
282,28 February 2022,Subnational Statistics PARLIAMENT AND SLA P.035 KUALA NERUS,
282,28 February 2022,Subnational Statistics PARLIAMENT AND SLA P.122 SEPUTEH,
282,28 February 2022,Subnational Statistics PARLIAMENT AND SLA P.125 PUTRAJAYA,
282,28 February 2022,Subnational Statistics PARLIAMENT AND SLA P.129 KUALA PILAH,
282,28 February 2022,Subnational Statistics PARLIAMENT AND SLA P.167 KUDAT,
282,28 February 2022,Subnational Statistics PARLIAMENT AND SLA P.183 BELURAN,
282,28 February 2022,Subnational Statistics PARLIAMENT AND SLA P.185 BATU SAPI,
283,28 February 2022,Subnational Statistics PARLIAMENT AND SLA P.173 PUTATAN,
283,28 February 2022,Subnational Statistics PARLIAMENT AND SLA P.199 SERIAN,
283,28 February 2022,Subnational Statistics PARLIAMENT AND SLA P.201 BATANG LUPAR,
283,28 February 2022,Subnational Statistics PARLIAMENT AND SLA P.193 SANTUBONG,
283,28 February 2022,Subnational Statistics PARLIAMENT AND SLA P.202 SRI AMAN,
283,28 February 2022,Subnational Statistics PARLIAMENT AND SLA P.196 STAMPIN,
283,28 February 2022,Subnational Statistics PARLIAMENT AND SLA P.195 BANDAR KUCHING,
283,28 February 2022,Subnational Statistics PARLIAMENT AND SLA P.221 LIMBANG,
283,28 February 2022,Subnational Statistics PARLIAMENT AND SLA P.067 KUALA KANGSAR,
283,28 February 2022,Subnational Statistics PARLIAMENT AND SLA P.069 PARIT,
284,28 February 2022,Subnational Statistics PARLIAMENT AND SLA P.070 KAMPAR,
284,28 February 2022,Subnational Statistics PARLIAMENT AND SLA P.071 GOPENG,
284,28 February 2022,Subnational Statistics PARLIAMENT AND SLA P.220 BARAM,
284,28 February 2022,Subnational Statistics PARLIAMENT AND SLA P.047 NIBONG TEBAL,
284,28 February 2022,Subnational Statistics PARLIAMENT AND SLA P.150 BATU PAHAT,
284,28 February 2022,Subnational Statistics PARLIAMENT AND SLA P.057 PARIT BUNTAR,
284,28 February 2022,Subnational Statistics PARLIAMENT AND SLA P.001 PADANG BESAR,
284,28 February 2022,Subnational Statistics PARLIAMENT AND SLA P.002 ARAU,
284,28 February 2022,Subnational Statistics PARLIAMENT AND SLA P.005 JERLUN,
284,28 February 2022,Subnational Statistics PARLIAMENT AND SLA P.008 POKOK SENA,
285,28 February 2022,Subnational Statistics PARLIAMENT AND SLA P.065 IPOH BARAT,
285,28 February 2022,Subnational Statistics PARLIAMENT AND SLA P.204 BETONG,
285,28 February 2022,Subnational Statistics PARLIAMENT AND SLA P.197 KOTA SAMARAHAN,
285,28 February 2022,Subnational Statistics PARLIAMENT AND SLA P.017 PADANG SERAI,
285,28 February 2022,Subnational Statistics PARLIAMENT AND SLA P.018 KULIM-BANDAR BAHARU,
285,28 February 2022,Subnational Statistics PARLIAMENT AND SLA P.019 TUMPAT,
285,28 February 2022,Subnational Statistics PARLIAMENT AND SLA P.009 ALOR SETAR,
285,28 February 2022,Subnational Statistics PARLIAMENT AND SLA P.014 MERBOK,
285,28 February 2022,Subnational Statistics PARLIAMENT AND SLA P.217 BINTULU,
285,28 February 2022,Subnational Statistics PARLIAMENT AND SLA P.203 LUBOK ANTU,
286,28 February 2022,Subnational Statistics PARLIAMENT AND SLA P.119 TITIWANGSA,
286,28 February 2022,Subnational Statistics PARLIAMENT AND SLA P.063 TAMBUN,
286,28 February 2022,Subnational Statistics PARLIAMENT AND SLA P.216 HULU RAJANG,
286,28 February 2022,Subnational Statistics PARLIAMENT AND SLA P.110 KLANG,
286,28 February 2022,Subnational Statistics PARLIAMENT AND SLA P.077 TANJONG MALIM,
286,28 February 2022,Subnational Statistics PARLIAMENT AND SLA P.161 PULAI,
286,28 February 2022,Subnational Statistics PARLIAMENT AND SLA P.205 SARATOK,
286,28 February 2022,Subnational Statistics PARLIAMENT AND SLA P.213 MUKAH,
286,28 February 2022,"Monthly External Trade Statistics, Malaysia",
286,28 February 2022,Subnational Statistics PARLIAMENT AND SLA P.022 PASIR MAS,
287,28 February 2022,Subnational Statistics PARLIAMENT AND SLA P.115 BATU,
287,28 February 2022,Subnational Statistics PARLIAMENT AND SLA P.116 WANGSA MAJU,
287,28 February 2022,Subnational Statistics PARLIAMENT AND SLA P.121 LEMBAH PANTAI,
287,28 February 2022,Subnational Statistics PARLIAMENT AND SLA P.123 CHERAS,
287,28 February 2022,Subnational Statistics PARLIAMENT AND SLA P.076 TELUK INTAN,
287,28 February 2022,Subnational Statistics PARLIAMENT AND SLA P.168 KOTA MARUDUSubnational Statistics PARLIAMENT AND SLA P.168 KOTA MARUDU,
287,28 February 2022,Subnational Statistics PARLIAMENT AND SLA P.187 KINABATANGAN,
287,28 February 2022,Subnational Statistics PARLIAMENT AND SLA P.066 BATU GAJAH,
287,28 February 2022,Subnational Statistics PARLIAMENT AND SLA P.045 BUKIT MERTAJAM,
287,28 February 2022,Subnational Statistics PARLIAMENT AND SLA P.049 TANJONG,
288,28 February 2022,Subnational Statistics PARLIAMENT AND SLA P.055 LENGGONG,
288,28 February 2022,Subnational Statistics PARLIAMENT AND SLA P.042 TASEK GELUGOR,
288,28 February 2022,Subnational Statistics PARLIAMENT AND SLA P.043 BAGAN,
288,28 February 2022,Subnational Statistics PARLIAMENT AND SLA P.040 KEMAMAN,
288,28 February 2022,Subnational Statistics PARLIAMENT AND SLA P.053 BALIK PULAU,
288,28 February 2022,Subnational Statistics PARLIAMENT AND SLA P.052 BAYAN BARU,
288,28 February 2022,Subnational Statistics PARLIAMENT AND SLA P.080 RAUB,
288,28 February 2022,Subnational Statistics PARLIAMENT AND SLA P.172 KOTA KINABALU,
288,28 February 2022,Subnational Statistics PARLIAMENT AND SLA P.102 BANGI,
288,28 February 2022,Subnational Statistics PARLIAMENT AND SLA P.089 BENTONG,
289,28 February 2022,Subnational Statistics PARLIAMENT AND SLA P.131 REMBAU,
289,28 February 2022,Subnational Statistics PARLIAMENT AND SLA P.132 PORT DICKSON,
289,28 February 2022,Subnational Statistics PARLIAMENT AND SLA P.164 PONTIAN,
289,28 February 2022,Subnational Statistics PARLIAMENT AND SLA P.078 CAMERON HIGHLANDS,
289,28 February 2022,Subnational Statistics PARLIAMENT AND SLA P.079 LIPIS,
289,28 February 2022,Subnational Statistics PARLIAMENT AND SLA P.084 PAYA BESAR,
289,28 February 2022,Subnational Statistics PARLIAMENT AND SLA P.085 PEKAN,
289,28 February 2022,Subnational Statistics PARLIAMENT AND SLA P.165 TANJUNG PIAI,
289,28 February 2022,Subnational Statistics PARLIAMENT AND SLA P.126 JELEBU,
289,28 February 2022,Subnational Statistics PARLIAMENT AND SLA P.090 BERA,
290,28 February 2022,Subnational Statistics PARLIAMENT AND SLA P.039 DUNGUN,
290,28 February 2022,Subnational Statistics PARLIAMENT AND SLA P.046 BATU KAWAN,
290,28 February 2022,Subnational Statistics PARLIAMENT AND SLA P.050 JELUTONG,
290,28 February 2022,Subnational Statistics PARLIAMENT AND SLA P.051 BUKIT GELUGOR,
290,28 February 2022,"Monthly Statistical Bulletin, Malaysia",
290,28 February 2022,Subnational Statistics PARLIAMENT AND DUN P.112 KUALA LANGAT,
290,28 February 2022,Subnational Statistics PARLIAMENT AND SLA P.169 KOTA BELUD,
290,28 February 2022,Subnational Statistics PARLIAMENT AND SLA P.174 PENAMPANG,
290,28 February 2022,Subnational Statistics PARLIAMENT AND SLA P.151 SIMPANG RENGGAM,
290,28 February 2022,Subnational Statistics PARLIAMENT AND SLA P.153 SEMBRONG,
291,28 February 2022,Subnational Statistics PARLIAMENT AND SLA P.058 BAGAN SERAI,
291,28 February 2022,Subnational Statistics PARLIAMENT AND SLA P.194 PETRA JAYA,
291,28 February 2022,Subnational Statistics PARLIAMENT AND SLA P.200 BATANG SADONG,
291,28 February 2022,Subnational Statistics PARLIAMENT AND SLA P.148 AYER HITAM,
291,28 February 2022,Subnational Statistics PARLIAMENT AND SLA P.095 TANJONG KARANG,
291,28 February 2022,Subnational Statistics PARLIAMENT AND SLA P.218 SIBUTI,
291,28 February 2022,Subnational Statistics PARLIAMENT AND SLA P.156 KOTA TINGGI,
291,28 February 2022,Subnational Statistics PARLIAMENT AND SLA P.031 KUALA KRAI,
291,28 February 2022,Subnational Statistics PARLIAMENT AND SLA P.028 PASIR PUTEH,
291,28 February 2022,Subnational Statistics PARLIAMENT AND SLA P.180 KENINGAU,
292,28 February 2022,Subnational Statistics PARLIAMENT AND SLA P.176 KIMANIS,
292,28 February 2022,Subnational Statistics PARLIAMENT AND SLA P.182 PENSIANGAN,
292,28 February 2022,Subnational Statistics PARLIAMENT AND SLA P.184 LIBARAN,
292,28 February 2022,Subnational Statistics PARLIAMENT AND SLA P.143 PAGOH,
292,28 February 2022,Subnational Statistics PARLIAMENT AND SLA P.103 PUCHONG,
292,28 February 2022,Subnational Statistics PARLIAMENT AND SLA P.098 GOMBAK,
292,28 February 2022,Subnational Statistics PARLIAMENT AND SLA P.096 KUALA SELANGOR,
292,28 February 2022,Subnational Statistics PARLIAMENT AND SLA P.027 TANAH MERAH,
292,28 February 2022,Subnational Statistics PARLIAMENT AND SLA P.029 MACHANG,
292,28 February 2022,Subnational Statistics PARLIAMENT AND SLA P.030 JELI,
293,28 February 2022,Subnational Statistics PARLIAMENT AND SLA P.032 GUA MUSANG,
293,28 February 2022,Subnational Statistics PARLIAMENT AND SLA P.068 BERUAS,
293,28 February 2022,Subnational Statistics PARLIAMENT AND SLA P.114 KEPONG,
293,28 February 2022,Subnational Statistics PARLIAMENT AND SLA P.120 BUKIT BINTANG,
293,28 February 2022,Subnational Statistics PARLIAMENT AND SLA P.128 SEREMBAN,
293,28 February 2022,Subnational Statistics PARLIAMENT AND SLA P.060 TAIPING,
293,28 February 2022,Subnational Statistics PARLIAMENT AND SLA P.208 SARIKEI,
293,28 February 2022,Subnational Statistics PARLIAMENT AND SLA P.198 PUNCAK BORNEO,
293,28 February 2022,Subnational Statistics PARLIAMENT AND SLA P.211 LANANG,
293,28 February 2022,Subnational Statistics PARLIAMENT AND SLA P.113 SEPANG,
294,28 February 2022,Subnational Statistics PARLIAMENT AND SLA P.191 KALABAKAN,
294,28 February 2022,Subnational Statistics PARLIAMENT AND SLA P.159 PASIR GUDANG,
294,28 February 2022,Subnational Statistics PARLIAMENT AND SLA P.081 JERANTUT,
294,28 February 2022,Subnational Statistics PARLIAMENT AND SLA P.083 KUANTAN,
294,28 February 2022,Subnational Statistics PARLIAMENT AND SLA P.086 MARAN,
294,28 February 2022,Subnational Statistics PARLIAMENT AND SLA P.092 SABAK BERNAM,
294,28 February 2022,Subnational Statistics PARLIAMENT AND SLA P.088 TEMERLOH,
294,28 February 2022,Subnational Statistics PARLIAMENT AND SLA P.091 ROMPIN,
294,28 February 2022,Subnational Statistics PARLIAMENT AND SLA P.087 KUALA KRAU,
294,28 February 2022,Subnational Statistics PARLIAMENT AND SLA P.093 SUNGAI BESAR,
295,28 February 2022,Subnational Statistics PARLIAMENT AND SLA P.106 DAMANSARA,
295,28 February 2022,Subnational Statistics PARLIAMENT AND SLA P.107 SUNGAI BULOH,
295,28 February 2022,Subnational Statistics PARLIAMENT AND SLA P.094 HULU SELANGOR,
295,28 February 2022,Subnational Statistics PARLIAMENT AND SLA P.038 HULU TERENGGANU,
295,28 February 2022,Subnational Statistics PARLIAMENT AND SLA P.062 SUNGAI SIPUT,
295,28 February 2022,Subnational Statistics PARLIAMENT AND SLA P.034 SETIU,
295,28 February 2022,Subnational Statistics PARLIAMENT AND SLA P.082 INDERA MAHKOTA,
295,28 February 2022,Subnational Statistics PARLIAMENT AND SLA P.189 SEMPORNA,
295,28 February 2022,Subnational Statistics PARLIAMENT AND SLA P.044 PERMATANG PAUH,
295,28 February 2022,Subnational Statistics PARLIAMENT AND SLA P.048 BUKIT BENDERA,
296,28 February 2022,Subnational Statistics PARLIAMENT AND SLA P.054 GERIK,
296,28 February 2022,Subnational Statistics PARLIAMENT AND SLA P.056 LARUT,
296,28 February 2022,Subnational Statistics PARLIAMENT AND SLA P.041 KEPALA BATAS,
296,28 February 2022,Subnational Statistics PARLIAMENT AND SLA P.222 LAWAS,
296,28 February 2022,Subnational Statistics PARLIAMENT AND SLA P.219 MIRI,
296,28 February 2022,Subnational Statistics PARLIAMENT AND SLA P.127 JEMPOL,
296,28 February 2022,Subnational Statistics PARLIAMENT AND SLA P.059 BUKIT GANTANG,
296,28 February 2022,Subnational Statistics PARLIAMENT AND SLA P.130 RASAH,
296,28 February 2022,Subnational Statistics PARLIAMENT AND SLA P.133 TAMPIN,
296,28 February 2022,Subnational Statistics PARLIAMENT AND SLA P.134 MASJID TANAH,
297,28 February 2022,Subnational Statistics PARLIAMENT AND SLA P.137 HANG TUAH JAYA,
297,28 February 2022,Subnational Statistics PARLIAMENT AND SLA P.139 JASIN,
297,28 February 2022,Subnational Statistics PARLIAMENT AND SLA P.138 KOTA MELAKA,
297,28 February 2022,Subnational Statistics PARLIAMENT AND SLA P.142 LABIS,
297,28 February 2022,Subnational Statistics PARLIAMENT AND SLA P.141 SEKIJANG,
297,28 February 2022,Subnational Statistics PARLIAMENT AND SLA P.140 SEGAMAT,
297,28 February 2022,Subnational Statistics PARLIAMENT AND SLA P.104 SUBANG,
297,28 February 2022,Subnational Statistics PARLIAMENT AND SLA P.025 BACHOK,
297,28 February 2022,Subnational Statistics PARLIAMENT AND SLA P.026 KETEREH,
297,28 February 2022,Subnational Statistics PARLIAMENT AND SLA P.175 PAPAR,
298,28 February 2022,Subnational Statistics PARLIAMENT AND SLA P.188 LAHAD DATU,
298,28 February 2022,Subnational Statistics PARLIAMENT AND SLA P.214 SELANGAU,
298,28 February 2022,Subnational Statistics PARLIAMENT AND SLA P.207 IGAN,
298,28 February 2022,Subnational Statistics PARLIAMENT AND SLA P.209 JULAU,
298,28 February 2022,Subnational Statistics PARLIAMENT AND SLA P.210 KANOWIT,
298,28 February 2022,Producer Price Index Malaysia - Local Production,
298,28 February 2022,Subnational Statistics PARLIAMENT AND SLA P.166 LABUAN,
298,28 February 2022,Subnational Statistics PARLIAMENT AND SLA P.124 BANDAR TUN RAZAK,
298,28 February 2022,Subnational Statistics PARLIAMENT AND SLA P.215 KAPIT,
298,28 February 2022,Subnational Statistics PARLIAMENT AND SLA P.073 PASIR SALAK,
299,28 February 2022,Subnational Statistics PARLIAMENT AND SLA P.074 LUMUT,
299,28 February 2022,Subnational Statistics PARLIAMENT AND SLA P.013 SIK,
299,28 February 2022,Subnational Statistics PARLIAMENT AND SLA P.015 SUNGAI PETANI,
299,28 February 2022,Subnational Statistics PARLIAMENT AND SLA P.011 PENDANG,
299,28 February 2022,Subnational Statistics PARLIAMENT AND SLA P.006 KUBANG PASU,
299,28 February 2022,Subnational Statistics PARLIAMENT AND SLA P.007 PADANG TERAP,
299,28 February 2022,Subnational Statistics PARLIAMENT AND SLA P.012 JERAI,
299,28 February 2022,Subnational Statistics PARLIAMENT AND SLA P.136 TANGGA BATU,
299,28 February 2022,Subnational Statistics PARLIAMENT AND SLA P.135 ALOR GAJAH,
299,28 February 2022,Subnational Statistics PARLIAMENT AND SLA P.144 LEDANG,
300,28 February 2022,Subnational Statistics PARLIAMENT AND SLA P.149 SRI GADING,
300,28 February 2022,Subnational Statistics PARLIAMENT AND SLA P.145 BAKRI,
300,28 February 2022,Subnational Statistics PARLIAMENT AND SLA P.146 MUAR,
300,28 February 2022,Subnational Statistics PARLIAMENT AND SLA P.147 PARIT SULONG,
300,28 February 2022,Subnational Statistics PARLIAMENT AND SLA P.061 PADANG RENGAS,
300,28 February 2022,Subnational Statistics PARLIAMENT AND SLA P.064 IPOH TIMOR,
300,28 February 2022,Subnational Statistics PARLIAMENT AND SLA P.021 KOTA BHARU,
300,28 February 2022,Subnational Statistics PARLIAMENT AND SLA P.020 PENGKALAN CHEPA,
300,28 February 2022,Subnational Statistics PARLIAMENT AND SLA P.023 RANTAU PANJANG,
300,28 February 2022,Subnational Statistics PARLIAMENT AND SLA P.024 KUBANG KERIAN,
301,28 February 2022,Subnational Statistics PARLIAMENT AND SLA P.016 BALING,
301,28 February 2022,Subnational Statistics PARLIAMENT AND SLA P.004 LANGKAWI,
301,28 February 2022,Subnational Statistics PARLIAMENT AND SLA P.010 KUALA KEDAH,
301,28 February 2022,Subnational Statistics PARLIAMENT AND SLA P.117 SEGAMBUT,
301,28 February 2022,Subnational Statistics PARLIAMENT AND SLA P.118 SETIAWANGSA,
301,28 February 2022,Subnational Statistics PARLIAMENT AND SLA P.190 TAWAU,
301,28 February 2022,Subnational Statistics PARLIAMENT AND SLA P.192 MAS GADING,
301,28 February 2022,Subnational Statistics PARLIAMENT AND SLA P.111 KOTA RAJA,
301,28 February 2022,Subnational Statistics PARLIAMENT AND SLA P.109 KAPAR,
301,28 February 2022,Subnational Statistics PARLIAMENT AND SLA P.101 HULU LANGAT,
302,28 February 2022,Subnational Statistics PARLIAMENT AND SLA P.097 SELAYANG,
302,28 February 2022,Subnational Statistics PARLIAMENT AND SLA P.036 KUALA TERENGGANU,
302,28 February 2022,Subnational Statistics PARLIAMENT AND SLA P.033 BESUT,
302,28 February 2022,Subnational Statistics PARLIAMENT AND SLA P.152 KLUANG,
302,28 February 2022,Subnational Statistics PARLIAMENT AND SLA P.162 ISKANDAR PUTERI,
302,25 February 2022,"Business Tendency Survey Report, Malaysia",
302,25 February 2022,"Malaysian Economic Statistics Review (MESR), Volume 2/2022",
302,25 February 2022,"Malaysia Economic Indicator - Leading, Coincident and Lagging Indices",
302,24 February 2022,"Consumer Price Index, Malaysia",
302,18 February 2022,Labour Market Review (LMR),
303,18 February 2022,"Labour Market Review, Q4 2022",5620
303,17 February 2022,Labour Productivity,
303,14 February 2022,Key Findings: Population and Housing Census of Malaysia 2020,
303,11 February 2022,Quarterly International Investment Position,
303,11 February 2022,"Quarterly Balance of Payments, Malaysia",
303,11 February 2022,"Quarterly National Account - Gross Domestic Product, Malaysia",
303,10 February 2022,Special Release 3 - For Mechanical and Electrical Works,
303,10 February 2022,Employment Statistics,
303,10 February 2022,"Special Release 1 - For Civil Engineering Works, Sabah and Sarawak",
303,10 February 2022,"Monthly Rubber Statistics, Malaysia",
304,10 February 2022,"Special Release 2 - For Building and Structural Works, Sabah and Sarawak",
304,10 February 2022,"Special Release 2 - For Building and Structural Works, Peninsular Malaysia",
304,10 February 2022,"Special Release 1 - For Civil Engineering Works, Peninsular Malaysia",
304,9 February 2022,Quarterly Volume Index of Services,
304,9 February 2022,Quarterly Volume Index of Wholesale & Retail Trade,
304,9 February 2022,Performance of Wholesale & Retail Trade,
304,8 February 2022,"Monthly Manufacturing Statistics, Malaysia",
304,8 February 2022,"Index of Industrial Production, Malaysia",
304,8 February 2022,"Monthly Principal Statistics of Labour Force, Malaysia",
304,8 February 2022,Quarterly Construction Statistics,
305,8 February 2022,"Quarterly Report Of Labour Force Survey, Malaysia",
305,7 February 2022,Services Producer Price Index,
305,4 February 2022,"External Trade Indices, Malaysia",
305,4 February 2022,"Monthly External Trade Statistics, Malaysia",
305,31 January 2022,Annual Economic Statistics - All Sectors,
305,28 January 2022,"Malaysian Economic Statistics Review (MESR), Volume 1/2022",
305,28 January 2022,"Monthly Statistical Bulletin, Malaysia",
305,28 January 2022,Special Report on Impact of Floods in Malaysia 2021,
305,27 January 2022,Producer Price Index Malaysia - Local Production,
305,25 January 2022,"Malaysia Economic Indicator - Leading, Coincident and Lagging Indices",
306,21 January 2022,"Consumer Price Index, Malaysia",
306,14 January 2022,"Monthly Rubber Statistics, Malaysia",
306,11 January 2022,Performance of Wholesale & Retail Trade,
306,10 January 2022,Special Release 3 - For Mechanical and Electrical Works,
306,10 January 2022,"Monthly Principal Statistics of Labour Force, Malaysia",
306,10 January 2022,"Special Release 2 - For Building and Structural Works, Peninsular Malaysia",
306,10 January 2022,"Index of Industrial Production, Malaysia",
306,10 January 2022,"Special Release 1 - For Civil Engineering Works, Peninsular Malaysia",
306,10 January 2022,"Special Release 1 - For Civil Engineering Works, Sabah and Sarawak",
306,10 January 2022,"Special Release 2 - For Building and Structural Works, Sabah and Sarawak",
307,10 January 2022,"Monthly Manufacturing Statistics, Malaysia",
307,4 January 2022,"Monthly External Trade Statistics, Malaysia",
307,4 January 2022,"External Trade Indices, Malaysia",
307,29 September 2017,Economic Census 2016 - Profile of Small and Medium Enterprises,
307,18 September 2012,Economic Census 2011 - Profile of Small & Medium Enterprise,
